Name,R3W1_LSw,R3W2_LSw,R3W3_LSw,R3W4_LSw,R3W5_LSw,R3W1_NLw,R3W2_NLw,R3W3_NLw,R3W4_NLw,R3W5_NLw,R2W1_LSw,R2W2_LSw,R2W3_LSw,R2W4_LSw,R2W5_LSw,R2W1_NLw,R2W2_NLw,R2W3_NLw,R2W4_NLw,R2W5_NLw,R1W1_LSw,R1W2_LSw,R1W3_LSw,R1W4 LSw,R1W5_LSw,R1W1_NLw,R1W2_NLw,R1W3_NLw,R1W4_NLw,R1W5_NLw,R3W1_LSr,R3W2_LSr,R3W3_LSr,R3W4_LSr,R3W5_LSr,R3W1_NLr,R3W2_NLr,R3W3_NLr,R3W4_NLr,R3W5_NLr,R2W1_LSr,R2W2_LSr,R2W3_LSr,R2W4_LSr,R2W5_LSr,R2W1_NLr,R2W2_NLr,R2W3_NLr,R2W4_NLr,R2W5_NLr,R1W1_LSr,R1W2_LSr,R1W3_LSr,R1W4_LSr,R1W5_LSr,R1W1_NLr,R1W2_NLr,R1W3_NLr,R1W4_NLr,R1W5_NLr,R3W1_LSs,R3W2_LSs,R3W3_LSs,R3W4_LSs,R3W5_LSs,R3W1_NLs,R3W2_NLs,R3W3_NLs,R3W4_NLs,R3W5_NLs,R2W1_LSs,R2W2_LSs,R2W3_LSs,R2W4_LSs,R2W5_LSs,R2W1_NLs,R2W2_NLs,R2W3_NLs,R2W4_NLs,R2W5_NLs,R1W1_LSs,R1W2_LSs,R1W3_LSs,R1W4_LSs,R1W5_LSs,R1W1_NLs,R1W2_NLs,R1W3_NLs,R1W4_NLs,R1W5_NLs,R3W1_LSp,R3W2_LSp,R3W3_LSp,R3W4_LSp,R3W5_LSp,R3W1_NLp,R3W2_NLp,R3W3_NLp,R3W4_NLp,R3W5_NLp,R2W1_LSp,R2W2_LSp,R2W3_LSp,R2W4_LSp,R2W5_LSp,R2W1_NLp,R2W2_NLp,R2W3_NLp,R2W4_NLp,R2W5_NLp,R1W1_LSp,R1W2_LSp,R1W3_LSp,R1W4_LSp,R1W5_LSp,R1W1_NLp,R1W2_NLp,R1W3_NLp,R1W4_NLp,R1W5_NLp,R3W1_LSb,R3W2_LSb,R3W3_LSb,R3W4_LSb,R3W5_LSb,R3W1_NLb,R3W2_NLb,R3W3_NLb,R3W4_NLb,R3W5_NLb,R2W1_LSb,R2W2_LSb,R2W3_LSb,R2W4_LSb,R2W5_LSb,R2W1_NLb,R2W2_NLb,R2W3_NLb,R2W4_NLb,R2W5_NLb,R1W1_LSb,R1W2_LSb,R1W3_LSb,R1W4_LSb,R1W5_LSb,R1W1_NLb,R1W2_NLb,R1W3_NLb,R1W4_NLb,R1W5_NLb,wynik
FF3794,0,0,0,0,0,3,5,1,5,0,0,0,0,0,0,0,1,2,0,0,0,0,0,0,0,1,5,0,1,4,0.0,0.0,1.0,0.0,1.0,0.0,2.0,1.0,1.0,0.0,0.0,0.0,0.0,3.0,1.0,0.0,1.0,2.0,2.0,2.0,1.0,1.0,1.0,1.0,1.0,0.0,0.0,1.0,3.0,0.0,0.0,0.0,0.0,0.0,1.0,1.0,1.0,2.0,2.0,2.0,0.0,0.0,1.0,0.0,0.0,0.0,1.0,3.0,3.0,3.0,0.0,0.0,1.0,1.0,1.0,2.0,1.0,2.0,3.0,2.0,0.0,0.0,0.0,0.0,0.0,0.0,0.0,2.0,0.0,2.0,0.0,0.0,0.0,0.0,0.0,0.0,0.0,2.0,2.0,1.0,0.0,0.0,0.0,0.0,1.0,0.0,2.0,1.0,1.0,1.0,0.0,0.0,0.0,0.0,0.0,0.0,0.0,0.0,0.0,0.0,0.0,0.0,0.0,0.0,0.0,0.0,0.0,0.0,0.0,0.0,0.0,0.0,0.0,0.0,0.0,0.0,0.0,0.0,0.0,0.0,0
FF4704,0,0,0,0,0,2,5,1,4,1,0,0,0,0,0,3,2,2,2,2,0,0,0,0,0,1,4,0,2,4,0.0,0.0,1.0,0.0,1.0,0.0,2.0,1.0,1.0,0.0,0.0,0.0,0.0,3.0,1.0,0.0,2.0,2.0,2.0,3.0,1.0,1.0,1.0,1.0,1.0,0.0,0.0,3.0,3.0,0.0,0.0,0.0,0.0,0.0,1.0,1.0,2.0,1.0,2.0,2.0,0.0,0.0,1.0,0.0,0.0,1.0,1.0,1.0,4.0,3.0,0.0,1.0,1.0,0.0,0.0,3.0,2.0,3.0,3.0,3.0,0.0,0.0,0.0,0.0,0.0,0.0,0.0,2.0,0.0,1.0,0.0,0.0,0.0,0.0,0.0,0.0,0.0,1.0,1.0,1.0,0.0,0.0,0.0,0.0,1.0,0.0,1.0,0.0,1.0,1.0,0.0,0.0,0.0,0.0,0.0,0.0,0.0,0.0,0.0,0.0,0.0,0.0,0.0,0.0,0.0,0.0,0.0,0.0,0.0,0.0,0.0,0.0,0.0,0.0,0.0,0.0,0.0,0.0,0.0,0.0,0
FF4714,0,0,0,0,0,2,5,2,5,0,0,0,0,0,0,0,2,2,0,0,0,0,0,0,0,1,5,0,1,4,0.0,0.0,1.0,0.0,1.0,0.0,2.0,1.0,1.0,0.0,0.0,0.0,0.0,3.0,1.0,0.0,2.0,2.0,2.0,3.0,1.0,1.0,1.0,1.0,1.0,0.0,0.0,3.0,3.0,0.0,0.0,0.0,0.0,0.0,1.0,1.0,2.0,1.0,2.0,2.0,0.0,0.0,1.0,0.0,0.0,1.0,1.0,4.0,4.0,3.0,0.0,0.0,1.0,0.0,0.0,4.0,3.0,4.0,3.0,3.0,0.0,0.0,0.0,0.0,0.0,0.0,0.0,2.0,0.0,2.0,0.0,0.0,0.0,0.0,0.0,0.0,0.0,2.0,2.0,1.0,0.0,0.0,0.0,0.0,1.0,0.0,2.0,1.0,1.0,1.0,0.0,0.0,0.0,0.0,0.0,0.0,0.0,0.0,0.0,0.0,0.0,0.0,0.0,0.0,0.0,0.0,0.0,0.0,0.0,0.0,0.0,0.0,0.0,0.0,0.0,0.0,0.0,0.0,0.0,0.0,0
FF3783,0,0,0,0,0,3,2,1,3,0,0,0,0,0,0,0,1,2,0,0,0,0,0,0,0,1,4,0,2,4,0.0,0.0,1.0,0.0,1.0,0.0,2.0,1.0,1.0,0.0,0.0,0.0,0.0,1.0,1.0,0.0,1.0,2.0,2.0,2.0,1.0,1.0,1.0,1.0,1.0,0.0,0.0,1.0,3.0,0.0,0.0,0.0,0.0,0.0,0.0,1.0,0.0,1.0,2.0,2.0,0.0,0.0,1.0,0.0,0.0,0.0,1.0,3.0,2.0,3.0,0.0,1.0,0.0,1.0,1.0,1.0,1.0,0.0,4.0,2.0,0.0,0.0,0.0,0.0,0.0,0.0,0.0,2.0,0.0,1.0,0.0,0.0,0.0,0.0,0.0,0.0,0.0,1.0,2.0,1.0,0.0,0.0,0.0,0.0,1.0,0.0,2.0,0.0,1.0,1.0,0.0,0.0,0.0,0.0,0.0,0.0,0.0,0.0,0.0,0.0,0.0,0.0,0.0,0.0,0.0,0.0,0.0,0.0,0.0,0.0,0.0,0.0,0.0,0.0,0.0,0.0,0.0,0.0,0.0,0.0,0
FF3793,0,0,0,0,0,0,0,1,3,0,0,0,0,0,0,0,1,1,0,0,0,0,0,0,0,1,3,0,1,4,0.0,0.0,1.0,0.0,1.0,0.0,2.0,1.0,1.0,0.0,0.0,0.0,0.0,1.0,1.0,0.0,1.0,2.0,2.0,2.0,1.0,1.0,1.0,1.0,1.0,0.0,0.0,1.0,3.0,0.0,0.0,0.0,0.0,0.0,1.0,1.0,0.0,1.0,2.0,2.0,0.0,0.0,1.0,0.0,0.0,0.0,0.0,4.0,3.0,3.0,0.0,0.0,1.0,1.0,1.0,1.0,1.0,0.0,4.0,2.0,0.0,0.0,0.0,0.0,0.0,0.0,0.0,2.0,0.0,1.0,0.0,0.0,0.0,0.0,0.0,0.0,0.0,1.0,2.0,1.0,0.0,0.0,0.0,0.0,0.0,0.0,2.0,0.0,1.0,1.0,0.0,0.0,0.0,0.0,0.0,0.0,0.0,0.0,0.0,0.0,0.0,0.0,0.0,0.0,0.0,0.0,0.0,0.0,0.0,0.0,0.0,0.0,0.0,0.0,0.0,0.0,0.0,0.0,0.0,0.0,0
FF4703,0,0,0,0,0,2,5,2,4,1,0,0,0,0,0,2,2,2,3,3,0,0,0,0,0,1,5,0,2,4,0.0,0.0,1.0,0.0,1.0,0.0,2.0,1.0,1.0,0.0,0.0,0.0,0.0,3.0,1.0,0.0,2.0,2.0,2.0,3.0,1.0,1.0,1.0,1.0,1.0,0.0,0.0,3.0,3.0,0.0,0.0,0.0,0.0,0.0,1.0,1.0,2.0,1.0,2.0,2.0,0.0,0.0,1.0,0.0,0.0,1.0,1.0,3.0,3.0,3.0,0.0,1.0,1.0,1.0,1.0,3.0,3.0,3.0,3.0,3.0,0.0,0.0,0.0,0.0,1.0,0.0,0.0,2.0,0.0,1.0,0.0,0.0,0.0,0.0,0.0,0.0,0.0,1.0,2.0,1.0,0.0,0.0,0.0,0.0,1.0,0.0,2.0,0.0,1.0,1.0,0.0,0.0,0.0,0.0,0.0,0.0,0.0,0.0,0.0,0.0,0.0,0.0,0.0,0.0,0.0,0.0,0.0,0.0,0.0,0.0,0.0,0.0,0.0,0.0,0.0,0.0,0.0,0.0,0.0,0.0,1
FF4713,0,0,0,0,0,2,5,2,3,1,0,0,0,0,0,1,1,2,3,3,0,0,0,0,0,1,5,0,1,4,0.0,0.0,1.0,0.0,3.0,0.0,2.0,1.0,1.0,0.0,0.0,0.0,0.0,3.0,1.0,0.0,2.0,2.0,2.0,3.0,1.0,1.0,1.0,1.0,1.0,0.0,0.0,3.0,3.0,0.0,0.0,0.0,0.0,0.0,0.0,1.0,2.0,2.0,1.0,1.0,1.0,0.0,0.0,0.0,0.0,1.0,1.0,3.0,3.0,4.0,0.0,0.0,0.0,1.0,1.0,3.0,3.0,3.0,4.0,2.0,0.0,0.0,0.0,0.0,1.0,0.0,0.0,2.0,0.0,2.0,0.0,0.0,0.0,0.0,0.0,0.0,0.0,2.0,2.0,1.0,0.0,0.0,0.0,0.0,1.0,0.0,2.0,0.0,1.0,1.0,0.0,0.0,0.0,0.0,0.0,0.0,0.0,0.0,0.0,0.0,0.0,0.0,0.0,0.0,0.0,0.0,0.0,0.0,0.0,0.0,0.0,0.0,0.0,0.0,0.0,0.0,0.0,0.0,0.0,0.0,1
FF4723,0,0,0,0,0,0,0,1,3,0,0,0,0,0,0,0,4,1,0,0,0,0,0,0,0,1,4,0,2,4,0.0,0.0,1.0,0.0,1.0,0.0,2.0,1.0,1.0,0.0,0.0,0.0,0.0,0.0,1.0,0.0,1.0,2.0,2.0,2.0,1.0,1.0,1.0,1.0,1.0,0.0,0.0,1.0,3.0,0.0,0.0,0.0,0.0,0.0,1.0,1.0,0.0,1.0,3.0,3.0,0.0,0.0,1.0,0.0,0.0,0.0,0.0,3.0,5.0,4.0,0.0,0.0,2.0,1.0,1.0,1.0,1.0,0.0,4.0,4.0,0.0,0.0,0.0,0.0,0.0,0.0,0.0,2.0,0.0,1.0,0.0,0.0,0.0,0.0,0.0,0.0,0.0,1.0,1.0,1.0,0.0,0.0,0.0,0.0,0.0,0.0,1.0,0.0,1.0,1.0,0.0,0.0,0.0,0.0,0.0,0.0,0.0,0.0,0.0,0.0,0.0,0.0,0.0,0.0,0.0,0.0,0.0,0.0,0.0,0.0,0.0,0.0,0.0,0.0,0.0,0.0,0.0,0.0,0.0,0.0,0
FF4733,0,0,0,0,0,0,0,2,2,0,0,0,0,0,0,0,5,1,0,0,0,0,0,0,0,1,5,0,1,4,0.0,0.0,1.0,0.0,1.0,0.0,2.0,1.0,1.0,0.0,0.0,0.0,0.0,0.0,1.0,0.0,1.0,2.0,2.0,2.0,1.0,1.0,1.0,1.0,1.0,0.0,0.0,1.0,3.0,0.0,0.0,0.0,0.0,0.0,1.0,2.0,1.0,0.0,2.0,2.0,0.0,0.0,1.0,0.0,0.0,0.0,0.0,2.0,4.0,3.0,0.0,1.0,2.0,0.0,0.0,1.0,2.0,1.0,2.0,4.0,0.0,0.0,0.0,0.0,1.0,0.0,0.0,2.0,0.0,1.0,0.0,0.0,0.0,0.0,0.0,0.0,0.0,1.0,1.0,1.0,0.0,0.0,0.0,0.0,0.0,0.0,1.0,0.0,1.0,1.0,0.0,0.0,0.0,0.0,0.0,0.0,0.0,0.0,0.0,0.0,0.0,0.0,0.0,0.0,0.0,0.0,0.0,0.0,0.0,0.0,0.0,0.0,0.0,0.0,0.0,0.0,0.0,0.0,0.0,0.0,0
FF3772,0,0,0,0,0,2,1,3,5,1,0,0,0,0,0,2,1,2,3,4,0,0,0,0,0,2,5,0,1,4,0.0,0.0,2.0,0.0,3.0,0.0,2.0,1.0,1.0,0.0,0.0,0.0,0.0,2.0,2.0,0.0,2.0,2.0,2.0,3.0,2.0,2.0,3.0,2.0,2.0,0.0,0.0,3.0,3.0,0.0,0.0,0.0,0.0,0.0,0.0,1.0,2.0,1.0,2.0,2.0,1.0,0.0,1.0,0.0,0.0,1.0,1.0,3.0,2.0,3.0,1.0,1.0,0.0,1.0,1.0,3.0,3.0,3.0,4.0,2.0,0.0,0.0,1.0,0.0,1.0,0.0,0.0,2.0,0.0,2.0,1.0,0.0,2.0,1.0,1.0,0.0,0.0,2.0,2.0,1.0,0.0,0.0,0.0,0.0,1.0,0.0,2.0,1.0,1.0,1.0,1.0,1.0,1.0,1.0,1.0,0.0,0.0,0.0,0.0,0.0,1.0,1.0,1.0,1.0,1.0,0.0,0.0,0.0,0.0,0.0,1.0,1.0,1.0,1.0,1.0,0.0,0.0,0.0,0.0,0.0,2
FF3782,0,0,0,0,0,2,2,1,4,0,0,0,0,0,0,0,2,2,0,0,0,0,0,0,0,3,4,0,2,4,0.0,0.0,2.0,0.0,2.0,0.0,2.0,1.0,1.0,0.0,0.0,0.0,0.0,2.0,2.0,0.0,1.0,2.0,2.0,2.0,2.0,2.0,2.0,2.0,3.0,0.0,0.0,1.0,3.0,0.0,1.0,1.0,1.0,1.0,1.0,1.0,1.0,1.0,2.0,2.0,1.0,1.0,1.0,1.0,1.0,0.0,1.0,4.0,2.0,2.0,1.0,1.0,1.0,2.0,2.0,2.0,1.0,2.0,3.0,2.0,0.0,0.0,1.0,0.0,0.0,0.0,0.0,2.0,0.0,1.0,1.0,0.0,0.0,1.0,1.0,0.0,0.0,1.0,2.0,1.0,0.0,0.0,0.0,0.0,1.0,0.0,2.0,0.0,1.0,1.0,1.0,1.0,1.0,1.0,1.0,0.0,0.0,0.0,0.0,0.0,1.0,1.0,1.0,1.0,1.0,0.0,0.0,0.0,0.0,0.0,1.0,1.0,1.0,1.0,1.0,0.0,0.0,0.0,0.0,0.0,1
FF3792,0,0,0,0,0,0,0,2,3,0,0,0,0,0,0,0,4,1,0,0,0,0,0,0,0,1,5,0,3,4,0.0,0.0,1.0,0.0,1.0,0.0,2.0,1.0,1.0,0.0,0.0,0.0,0.0,1.0,1.0,0.0,1.0,2.0,2.0,2.0,1.0,1.0,1.0,1.0,1.0,0.0,0.0,1.0,3.0,0.0,1.0,1.0,0.0,1.0,1.0,1.0,1.0,1.0,3.0,2.0,1.0,0.0,1.0,0.0,0.0,0.0,0.0,3.0,4.0,3.0,1.0,1.0,2.0,1.0,1.0,1.0,2.0,1.0,3.0,4.0,0.0,0.0,0.0,0.0,1.0,0.0,0.0,2.0,0.0,1.0,0.0,0.0,0.0,0.0,0.0,0.0,0.0,1.0,1.0,1.0,0.0,0.0,0.0,0.0,0.0,0.0,1.0,0.0,1.0,1.0,0.0,0.0,0.0,0.0,0.0,0.0,0.0,0.0,0.0,0.0,0.0,0.0,0.0,0.0,0.0,0.0,0.0,0.0,0.0,0.0,0.0,0.0,0.0,0.0,0.0,0.0,0.0,0.0,0.0,0.0,0
FF4702,0,0,0,0,0,4,5,1,5,1,0,0,0,0,0,2,5,2,3,3,0,0,0,0,0,3,5,0,3,4,0.0,0.0,2.0,0.0,3.0,0.0,2.0,1.0,1.0,4.0,0.0,0.0,0.0,3.0,2.0,0.0,2.0,2.0,2.0,3.0,2.0,2.0,2.0,2.0,2.0,0.0,0.0,3.0,3.0,0.0,1.0,1.0,1.0,1.0,1.0,1.0,2.0,0.0,2.0,2.0,1.0,1.0,1.0,1.0,1.0,2.0,2.0,3.0,3.0,2.0,1.0,3.0,3.0,3.0,3.0,3.0,3.0,3.0,1.0,3.0,1.0,2.0,1.0,1.0,1.0,0.0,0.0,2.0,0.0,1.0,1.0,1.0,0.0,1.0,1.0,0.0,0.0,1.0,1.0,4.0,1.0,1.0,1.0,1.0,2.0,0.0,1.0,1.0,1.0,1.0,1.0,1.0,1.0,1.0,1.0,0.0,0.0,0.0,0.0,0.0,1.0,1.0,1.0,1.0,1.0,0.0,0.0,0.0,0.0,0.0,1.0,1.0,1.0,1.0,1.0,0.0,0.0,0.0,0.0,0.0,3
FF4722,0,0,0,0,0,2,3,3,5,1,0,0,0,0,0,3,1,2,2,2,0,0,0,0,0,1,5,0,3,4,0.0,0.0,1.0,0.0,3.0,0.0,2.0,1.0,1.0,0.0,0.0,0.0,0.0,3.0,2.0,0.0,2.0,2.0,2.0,3.0,2.0,2.0,3.0,2.0,2.0,0.0,0.0,3.0,3.0,0.0,0.0,0.0,0.0,0.0,1.0,1.0,2.0,1.0,3.0,2.0,1.0,0.0,1.0,0.0,0.0,2.0,2.0,2.0,3.0,3.0,0.0,1.0,1.0,1.0,2.0,3.0,2.0,3.0,3.0,2.0,0.0,0.0,0.0,0.0,0.0,0.0,0.0,2.0,0.0,2.0,0.0,0.0,0.0,0.0,0.0,0.0,0.0,2.0,2.0,1.0,0.0,0.0,0.0,0.0,1.0,0.0,2.0,1.0,1.0,1.0,1.0,1.0,1.0,1.0,1.0,0.0,0.0,0.0,0.0,0.0,1.0,1.0,1.0,1.0,1.0,0.0,0.0,0.0,0.0,0.0,1.0,1.0,1.0,1.0,1.0,0.0,0.0,0.0,0.0,0.0,2
FF4732,0,0,0,0,0,0,0,2,3,0,0,0,0,0,0,0,4,1,0,0,0,0,0,0,0,1,5,0,2,4,0.0,0.0,1.0,0.0,3.0,0.0,2.0,1.0,1.0,0.0,0.0,0.0,0.0,1.0,1.0,0.0,1.0,2.0,2.0,2.0,1.0,1.0,1.0,1.0,1.0,0.0,0.0,1.0,3.0,0.0,0.0,0.0,0.0,0.0,1.0,2.0,1.0,0.0,3.0,3.0,1.0,0.0,1.0,0.0,0.0,0.0,0.0,2.0,4.0,3.0,0.0,1.0,2.0,1.0,1.0,2.0,2.0,2.0,2.0,4.0,0.0,0.0,0.0,0.0,1.0,0.0,0.0,2.0,0.0,1.0,0.0,0.0,0.0,0.0,0.0,0.0,0.0,1.0,1.0,1.0,0.0,0.0,0.0,0.0,0.0,0.0,1.0,0.0,1.0,1.0,1.0,1.0,1.0,1.0,1.0,0.0,0.0,0.0,0.0,0.0,1.0,1.0,1.0,1.0,1.0,0.0,0.0,0.0,0.0,0.0,1.0,1.0,1.0,1.0,1.0,0.0,0.0,0.0,0.0,0.0,0
FF4742,0,0,0,0,0,0,0,1,2,0,0,0,0,0,0,0,5,1,0,0,0,0,0,0,0,1,4,0,2,4,0.0,0.0,1.0,0.0,1.0,0.0,2.0,1.0,1.0,0.0,0.0,0.0,0.0,1.0,1.0,0.0,1.0,2.0,2.0,2.0,1.0,1.0,1.0,1.0,1.0,0.0,0.0,1.0,3.0,0.0,0.0,0.0,0.0,0.0,1.0,2.0,0.0,0.0,3.0,3.0,0.0,0.0,1.0,0.0,0.0,0.0,0.0,2.0,4.0,4.0,0.0,0.0,2.0,0.0,0.0,1.0,1.0,0.0,3.0,4.0,0.0,0.0,0.0,0.0,0.0,0.0,0.0,2.0,0.0,0.0,0.0,0.0,0.0,0.0,0.0,0.0,0.0,0.0,0.0,1.0,0.0,0.0,0.0,0.0,0.0,0.0,1.0,0.0,0.0,1.0,0.0,0.0,0.0,0.0,0.0,0.0,0.0,0.0,0.0,0.0,0.0,0.0,0.0,0.0,0.0,0.0,0.0,0.0,0.0,0.0,0.0,0.0,0.0,0.0,0.0,0.0,0.0,0.0,0.0,0.0,0
FF4721,0,0,0,0,0,3,1,2,5,1,0,0,0,0,0,3,1,2,2,2,0,0,0,0,0,3,5,0,2,4,0.0,0.0,1.0,0.0,3.0,0.0,2.0,1.0,4.0,0.0,0.0,0.0,0.0,3.0,2.0,0.0,2.0,2.0,2.0,3.0,2.0,2.0,2.0,2.0,2.0,0.0,0.0,3.0,3.0,0.0,1.0,1.0,0.0,1.0,1.0,1.0,4.0,1.0,2.0,3.0,1.0,1.0,1.0,1.0,1.0,3.0,3.0,4.0,4.0,3.0,1.0,1.0,1.0,1.0,1.0,5.0,4.0,5.0,3.0,3.0,0.0,0.0,0.0,0.0,3.0,0.0,0.0,2.0,0.0,3.0,0.0,0.0,0.0,0.0,0.0,0.0,0.0,3.0,3.0,1.0,0.0,3.0,0.0,0.0,1.0,0.0,3.0,1.0,2.0,3.0,0.0,0.0,0.0,0.0,0.0,1.0,1.0,1.0,2.0,1.0,0.0,0.0,0.0,0.0,0.0,1.0,1.0,1.0,1.0,1.0,0.0,0.0,0.0,0.0,0.0,1.0,1.0,1.0,1.0,3.0,3
FF4731,0,0,0,0,0,2,2,2,5,1,0,0,0,0,0,3,2,2,2,2,0,0,0,0,0,1,5,0,1,4,0.0,0.0,1.0,0.0,3.0,0.0,2.0,1.0,1.0,0.0,0.0,0.0,0.0,3.0,2.0,0.0,2.0,2.0,2.0,3.0,2.0,2.0,3.0,2.0,2.0,0.0,0.0,3.0,3.0,0.0,1.0,1.0,0.0,0.0,1.0,1.0,2.0,1.0,2.0,3.0,1.0,1.0,1.0,1.0,1.0,2.0,1.0,3.0,3.0,3.0,1.0,1.0,1.0,1.0,1.0,3.0,3.0,3.0,3.0,3.0,0.0,0.0,0.0,0.0,1.0,0.0,0.0,2.0,0.0,2.0,0.0,0.0,0.0,0.0,0.0,0.0,0.0,2.0,2.0,1.0,0.0,0.0,0.0,0.0,1.0,0.0,2.0,1.0,1.0,1.0,0.0,0.0,0.0,0.0,0.0,0.0,0.0,0.0,0.0,0.0,0.0,0.0,0.0,0.0,0.0,0.0,0.0,0.0,0.0,0.0,0.0,0.0,0.0,0.0,0.0,0.0,0.0,0.0,0.0,0.0,1
FF4741,0,0,0,0,0,4,4,1,3,0,0,0,0,0,0,0,4,2,0,0,0,0,0,0,0,1,4,0,2,4,0.0,0.0,1.0,0.0,1.0,0.0,2.0,1.0,1.0,0.0,0.0,0.0,0.0,1.0,1.0,0.0,1.0,2.0,2.0,2.0,1.0,1.0,1.0,1.0,1.0,0.0,0.0,1.0,3.0,0.0,0.0,0.0,0.0,0.0,1.0,2.0,1.0,1.0,3.0,3.0,0.0,0.0,1.0,0.0,0.0,1.0,1.0,2.0,5.0,3.0,0.0,0.0,2.0,0.0,0.0,1.0,1.0,1.0,3.0,4.0,0.0,0.0,0.0,0.0,0.0,0.0,0.0,2.0,0.0,1.0,0.0,0.0,0.0,0.0,0.0,0.0,0.0,1.0,1.0,1.0,0.0,0.0,0.0,0.0,1.0,0.0,1.0,0.0,0.0,1.0,0.0,0.0,0.0,0.0,0.0,0.0,0.0,0.0,0.0,0.0,0.0,0.0,0.0,0.0,0.0,0.0,0.0,0.0,0.0,0.0,0.0,0.0,0.0,0.0,0.0,0.0,0.0,0.0,0.0,0.0,0
FF4751,0,0,0,0,0,3,5,1,4,1,0,0,0,0,0,3,4,2,1,1,0,0,0,0,0,1,4,0,1,4,0.0,0.0,1.0,0.0,1.0,0.0,2.0,1.0,1.0,0.0,0.0,0.0,0.0,3.0,1.0,0.0,1.0,2.0,2.0,2.0,1.0,1.0,1.0,1.0,1.0,0.0,0.0,1.0,3.0,0.0,0.0,0.0,0.0,0.0,1.0,2.0,2.0,1.0,3.0,3.0,0.0,0.0,1.0,0.0,0.0,2.0,2.0,2.0,4.0,4.0,0.0,0.0,2.0,1.0,1.0,2.0,2.0,2.0,4.0,4.0,0.0,0.0,0.0,0.0,0.0,0.0,0.0,2.0,0.0,1.0,0.0,0.0,0.0,0.0,0.0,0.0,0.0,1.0,1.0,1.0,0.0,0.0,0.0,0.0,1.0,0.0,1.0,0.0,0.0,1.0,0.0,0.0,0.0,0.0,0.0,0.0,0.0,0.0,0.0,0.0,0.0,0.0,0.0,0.0,0.0,0.0,0.0,0.0,0.0,0.0,0.0,0.0,0.0,0.0,0.0,0.0,0.0,0.0,0.0,0.0,1
FF4740,0,0,0,0,0,2,4,2,5,1,0,0,0,0,0,2,2,2,3,3,0,0,0,0,0,1,5,0,2,4,0.0,0.0,1.0,0.0,2.0,0.0,2.0,1.0,1.0,0.0,0.0,0.0,0.0,3.0,2.0,0.0,2.0,2.0,2.0,3.0,2.0,2.0,3.0,2.0,2.0,0.0,0.0,3.0,3.0,0.0,1.0,1.0,1.0,1.0,1.0,1.0,3.0,1.0,2.0,3.0,1.0,1.0,1.0,1.0,1.0,2.0,1.0,4.0,3.0,4.0,1.0,1.0,1.0,2.0,1.0,4.0,3.0,4.0,4.0,3.0,0.0,0.0,0.0,0.0,1.0,0.0,0.0,2.0,0.0,2.0,0.0,0.0,0.0,0.0,0.0,0.0,0.0,2.0,2.0,1.0,0.0,0.0,0.0,0.0,1.0,0.0,2.0,1.0,1.0,1.0,1.0,1.0,1.0,1.0,1.0,0.0,0.0,0.0,0.0,0.0,1.0,1.0,1.0,1.0,1.0,0.0,0.0,0.0,0.0,0.0,1.0,1.0,1.0,1.0,1.0,0.0,0.0,0.0,0.0,0.0,2
FF4750,0,0,0,0,0,4,5,2,4,1,0,0,0,0,0,3,4,2,3,3,0,0,0,0,0,1,5,0,1,4,0.0,0.0,1.0,0.0,1.0,0.0,2.0,1.0,1.0,0.0,0.0,0.0,0.0,3.0,1.0,0.0,2.0,2.0,2.0,3.0,1.0,1.0,1.0,1.0,1.0,0.0,0.0,3.0,3.0,0.0,0.0,0.0,0.0,0.0,1.0,2.0,2.0,1.0,3.0,3.0,1.0,0.0,1.0,0.0,0.0,1.0,1.0,4.0,5.0,4.0,1.0,0.0,2.0,1.0,1.0,2.0,2.0,2.0,4.0,4.0,0.0,0.0,0.0,0.0,1.0,0.0,0.0,2.0,0.0,1.0,0.0,0.0,0.0,0.0,0.0,0.0,0.0,1.0,1.0,1.0,0.0,0.0,0.0,0.0,1.0,0.0,1.0,0.0,1.0,1.0,0.0,0.0,0.0,0.0,0.0,0.0,0.0,0.0,0.0,0.0,0.0,0.0,0.0,0.0,0.0,0.0,0.0,0.0,0.0,0.0,0.0,0.0,0.0,0.0,0.0,0.0,0.0,0.0,0.0,0.0,1
FF4760,0,0,0,0,0,2,5,2,5,1,0,0,0,0,0,0,2,2,0,0,0,0,0,0,0,1,5,0,2,4,0.0,0.0,1.0,0.0,1.0,0.0,2.0,1.0,1.0,0.0,0.0,0.0,0.0,1.0,1.0,0.0,1.0,2.0,2.0,2.0,1.0,1.0,1.0,1.0,1.0,0.0,0.0,1.0,3.0,0.0,0.0,0.0,0.0,0.0,1.0,2.0,2.0,1.0,3.0,3.0,1.0,0.0,1.0,0.0,0.0,1.0,1.0,2.0,4.0,3.0,0.0,0.0,2.0,1.0,1.0,3.0,3.0,3.0,3.0,3.0,0.0,0.0,0.0,0.0,1.0,0.0,0.0,2.0,0.0,1.0,0.0,0.0,0.0,0.0,0.0,0.0,0.0,1.0,1.0,1.0,0.0,0.0,0.0,0.0,1.0,0.0,1.0,1.0,0.0,1.0,0.0,0.0,0.0,0.0,0.0,0.0,0.0,0.0,0.0,0.0,0.0,0.0,0.0,0.0,0.0,0.0,0.0,0.0,0.0,0.0,0.0,0.0,0.0,0.0,0.0,0.0,0.0,0.0,0.0,0.0,0
FF3679,0,0,0,0,0,3,4,1,5,1,0,0,0,0,0,3,3,2,1,1,0,0,0,0,0,1,5,0,4,4,0.0,0.0,1.0,0.0,2.0,0.0,2.0,1.0,1.0,0.0,0.0,0.0,0.0,3.0,2.0,0.0,1.0,2.0,2.0,2.0,2.0,2.0,3.0,2.0,2.0,0.0,0.0,1.0,3.0,0.0,1.0,1.0,1.0,1.0,1.0,1.0,2.0,1.0,3.0,3.0,1.0,1.0,2.0,1.0,1.0,4.0,1.0,3.0,3.0,3.0,1.0,1.0,2.0,2.0,1.0,2.0,2.0,2.0,3.0,4.0,0.0,0.0,0.0,0.0,0.0,0.0,0.0,2.0,0.0,1.0,0.0,0.0,0.0,0.0,0.0,0.0,0.0,1.0,2.0,3.0,0.0,0.0,0.0,0.0,1.0,0.0,2.0,1.0,1.0,1.0,0.0,0.0,0.0,0.0,0.0,0.0,0.0,0.0,0.0,0.0,0.0,0.0,0.0,0.0,0.0,0.0,0.0,0.0,0.0,0.0,0.0,0.0,0.0,0.0,0.0,0.0,0.0,0.0,0.0,0.0,1
FF4659,0,0,0,0,0,3,5,2,5,1,0,0,0,0,0,4,2,2,3,3,0,0,0,0,0,3,5,0,1,4,0.0,0.0,1.0,0.0,2.0,0.0,2.0,1.0,1.0,0.0,0.0,0.0,0.0,3.0,2.0,0.0,2.0,2.0,2.0,3.0,2.0,2.0,3.0,2.0,2.0,0.0,0.0,3.0,3.0,0.0,1.0,1.0,1.0,1.0,1.0,1.0,4.0,2.0,3.0,4.0,1.0,0.0,1.0,0.0,0.0,3.0,2.0,5.0,3.0,4.0,1.0,1.0,2.0,2.0,1.0,4.0,3.0,4.0,4.0,3.0,0.0,0.0,0.0,0.0,1.0,0.0,0.0,2.0,0.0,2.0,0.0,0.0,0.0,0.0,0.0,0.0,0.0,2.0,2.0,1.0,0.0,0.0,0.0,0.0,1.0,0.0,2.0,1.0,1.0,1.0,0.0,0.0,0.0,0.0,0.0,0.0,0.0,0.0,0.0,0.0,0.0,0.0,0.0,0.0,0.0,0.0,0.0,0.0,0.0,0.0,0.0,0.0,0.0,0.0,0.0,0.0,0.0,0.0,0.0,0.0,2
FF4669,0,0,0,0,0,4,5,1,5,0,0,0,0,0,0,0,4,2,0,0,0,0,0,0,0,1,5,0,2,4,0.0,0.0,1.0,0.0,1.0,0.0,2.0,1.0,1.0,0.0,0.0,0.0,0.0,1.0,1.0,0.0,1.0,2.0,2.0,2.0,1.0,1.0,1.0,1.0,1.0,0.0,0.0,1.0,3.0,0.0,0.0,0.0,0.0,1.0,1.0,2.0,2.0,1.0,4.0,4.0,1.0,0.0,1.0,0.0,0.0,1.0,1.0,3.0,4.0,4.0,1.0,1.0,2.0,1.0,1.0,2.0,2.0,2.0,4.0,4.0,0.0,0.0,0.0,0.0,0.0,0.0,0.0,4.0,0.0,1.0,0.0,0.0,0.0,0.0,0.0,0.0,0.0,1.0,1.0,1.0,0.0,0.0,0.0,0.0,1.0,0.0,1.0,1.0,1.0,1.0,0.0,0.0,0.0,0.0,0.0,0.0,0.0,0.0,0.0,0.0,0.0,0.0,0.0,0.0,0.0,0.0,0.0,0.0,0.0,0.0,0.0,0.0,0.0,0.0,0.0,0.0,0.0,0.0,0.0,0.0,1
FF3678,0,0,0,0,0,3,5,3,5,1,0,0,0,0,0,3,2,2,3,2,0,0,0,0,0,3,5,0,2,4,0.0,0.0,2.0,0.0,3.0,0.0,2.0,1.0,1.0,0.0,0.0,0.0,0.0,3.0,2.0,0.0,2.0,2.0,2.0,3.0,2.0,2.0,3.0,2.0,2.0,0.0,0.0,3.0,3.0,0.0,1.0,1.0,1.0,1.0,1.0,1.0,3.0,2.0,2.0,2.0,1.0,1.0,1.0,1.0,1.0,4.0,1.0,3.0,3.0,3.0,1.0,1.0,2.0,2.0,2.0,4.0,3.0,4.0,3.0,3.0,0.0,0.0,1.0,0.0,0.0,0.0,0.0,2.0,0.0,1.0,1.0,0.0,0.0,1.0,1.0,0.0,0.0,1.0,2.0,1.0,0.0,0.0,0.0,0.0,1.0,0.0,2.0,1.0,1.0,1.0,1.0,1.0,1.0,1.0,1.0,0.0,0.0,0.0,0.0,0.0,1.0,1.0,1.0,1.0,1.0,0.0,0.0,0.0,0.0,0.0,1.0,1.0,1.0,1.0,1.0,0.0,0.0,0.0,0.0,0.0,3
FF4608,0,0,0,0,0,3,3,2,5,1,4,0,0,1,3,0,3,2,0,0,0,0,0,0,0,4,5,0,5,4,0.0,0.0,2.0,0.0,2.0,0.0,2.0,1.0,1.0,0.0,0.0,0.0,0.0,1.0,2.0,0.0,1.0,2.0,2.0,2.0,3.0,3.0,3.0,2.0,3.0,0.0,0.0,1.0,3.0,0.0,1.0,1.0,1.0,1.0,1.0,1.0,2.0,1.0,3.0,3.0,1.0,1.0,2.0,1.0,1.0,4.0,2.0,3.0,2.0,3.0,2.0,1.0,2.0,2.0,2.0,3.0,3.0,3.0,3.0,2.0,0.0,0.0,1.0,0.0,0.0,0.0,0.0,2.0,0.0,1.0,1.0,0.0,2.0,1.0,1.0,0.0,0.0,1.0,2.0,3.0,0.0,0.0,0.0,0.0,1.0,0.0,2.0,1.0,1.0,1.0,1.0,1.0,1.0,1.0,1.0,0.0,0.0,0.0,0.0,0.0,1.0,1.0,1.0,1.0,1.0,0.0,0.0,0.0,0.0,0.0,1.0,4.0,1.0,1.0,1.0,5.0,0.0,0.0,4.0,0.0,3
FF4618,0,0,0,0,0,4,3,2,3,0,0,0,0,0,0,0,4,2,0,0,0,0,0,0,0,5,5,0,3,4,0.0,0.0,1.0,0.0,3.0,0.0,2.0,1.0,1.0,0.0,0.0,0.0,0.0,1.0,1.0,0.0,1.0,2.0,2.0,2.0,1.0,1.0,1.0,1.0,1.0,0.0,0.0,1.0,3.0,0.0,1.0,1.0,0.0,1.0,1.0,1.0,2.0,0.0,3.0,3.0,1.0,1.0,2.0,1.0,1.0,2.0,2.0,5.0,4.0,3.0,1.0,1.0,3.0,1.0,1.0,3.0,3.0,3.0,3.0,4.0,0.0,0.0,0.0,0.0,0.0,0.0,0.0,2.0,0.0,1.0,0.0,0.0,0.0,0.0,0.0,0.0,0.0,1.0,2.0,1.0,0.0,0.0,0.0,0.0,1.0,0.0,4.0,0.0,1.0,3.0,0.0,0.0,0.0,0.0,0.0,0.0,0.0,0.0,0.0,0.0,0.0,0.0,0.0,0.0,0.0,0.0,0.0,0.0,0.0,0.0,0.0,3.0,0.0,0.0,0.0,5.0,0.0,0.0,4.0,0.0,1
FF4658,0,0,0,0,0,3,5,2,5,1,0,0,0,0,0,4,3,2,3,3,0,0,0,0,0,3,5,0,3,4,0.0,0.0,1.0,0.0,3.0,0.0,2.0,1.0,1.0,0.0,0.0,0.0,0.0,3.0,2.0,0.0,2.0,2.0,2.0,3.0,2.0,2.0,3.0,2.0,2.0,0.0,0.0,3.0,3.0,0.0,1.0,1.0,1.0,1.0,1.0,1.0,3.0,1.0,3.0,4.0,1.0,1.0,1.0,1.0,1.0,2.0,2.0,4.0,3.0,3.0,1.0,1.0,3.0,2.0,2.0,3.0,3.0,3.0,4.0,3.0,0.0,0.0,1.0,0.0,1.0,0.0,0.0,2.0,0.0,2.0,1.0,0.0,0.0,1.0,1.0,0.0,0.0,2.0,2.0,3.0,0.0,0.0,0.0,0.0,1.0,0.0,2.0,1.0,1.0,1.0,0.0,0.0,0.0,0.0,0.0,0.0,0.0,0.0,0.0,0.0,0.0,0.0,0.0,0.0,0.0,0.0,0.0,0.0,0.0,0.0,0.0,3.0,0.0,0.0,0.0,0.0,0.0,0.0,0.0,0.0,3
FF4668,0,0,0,0,0,3,5,2,5,1,0,0,0,0,0,3,3,2,3,3,0,0,0,0,0,1,5,0,3,4,0.0,0.0,1.0,0.0,2.0,0.0,2.0,1.0,1.0,0.0,0.0,0.0,0.0,3.0,2.0,0.0,2.0,2.0,2.0,3.0,2.0,2.0,3.0,2.0,2.0,0.0,0.0,3.0,3.0,0.0,1.0,1.0,1.0,1.0,1.0,1.0,2.0,1.0,3.0,4.0,1.0,0.0,1.0,0.0,0.0,2.0,2.0,4.0,3.0,4.0,1.0,1.0,3.0,2.0,1.0,3.0,2.0,3.0,4.0,3.0,0.0,0.0,0.0,0.0,1.0,0.0,0.0,4.0,0.0,1.0,0.0,0.0,0.0,0.0,0.0,0.0,0.0,1.0,1.0,3.0,0.0,0.0,0.0,0.0,1.0,0.0,1.0,1.0,1.0,1.0,0.0,0.0,0.0,0.0,0.0,0.0,0.0,0.0,0.0,0.0,0.0,0.0,0.0,0.0,0.0,0.0,0.0,0.0,0.0,0.0,0.0,0.0,0.0,0.0,0.0,0.0,0.0,0.0,0.0,0.0,2
FF4678,0,0,0,0,0,4,5,2,5,1,0,0,0,0,0,1,3,2,1,1,0,0,0,0,0,1,5,0,1,4,0.0,0.0,1.0,0.0,1.0,0.0,2.0,1.0,1.0,0.0,0.0,0.0,0.0,2.0,1.0,0.0,2.0,2.0,2.0,3.0,1.0,1.0,1.0,1.0,1.0,0.0,0.0,3.0,3.0,0.0,0.0,0.0,0.0,0.0,1.0,2.0,2.0,1.0,4.0,4.0,1.0,0.0,1.0,0.0,0.0,1.0,1.0,2.0,4.0,3.0,0.0,1.0,2.0,1.0,1.0,2.0,2.0,2.0,3.0,4.0,0.0,0.0,0.0,0.0,0.0,0.0,0.0,2.0,0.0,1.0,0.0,0.0,0.0,0.0,0.0,0.0,0.0,1.0,1.0,1.0,0.0,0.0,0.0,0.0,1.0,0.0,1.0,1.0,1.0,1.0,0.0,0.0,0.0,0.0,0.0,0.0,0.0,0.0,0.0,0.0,0.0,0.0,0.0,0.0,0.0,0.0,0.0,0.0,0.0,0.0,0.0,0.0,0.0,0.0,0.0,0.0,0.0,0.0,0.0,0.0,1
FF3565,0,0,0,0,0,4,5,2,5,0,0,0,0,0,0,0,4,2,0,0,0,0,0,0,0,1,5,0,3,5,0.0,0.0,1.0,0.0,2.0,0.0,2.0,1.0,1.0,0.0,0.0,0.0,0.0,5.0,2.0,0.0,1.0,2.0,2.0,2.0,2.0,2.0,3.0,2.0,2.0,0.0,0.0,1.0,3.0,0.0,1.0,1.0,1.0,2.0,2.0,1.0,1.0,0.0,3.0,2.0,1.0,1.0,2.0,1.0,1.0,1.0,1.0,3.0,3.0,2.0,1.0,1.0,3.0,2.0,3.0,2.0,2.0,1.0,2.0,3.0,0.0,3.0,2.0,0.0,0.0,0.0,0.0,2.0,0.0,1.0,1.0,0.0,2.0,1.0,1.0,0.0,0.0,1.0,1.0,4.0,0.0,0.0,0.0,0.0,1.0,0.0,1.0,1.0,1.0,1.0,0.0,0.0,0.0,0.0,0.0,0.0,0.0,0.0,0.0,0.0,0.0,0.0,0.0,0.0,0.0,0.0,0.0,0.0,0.0,0.0,0.0,0.0,0.0,0.0,0.0,0.0,0.0,0.0,0.0,0.0,2
FF3585,0,0,0,0,0,2,4,2,5,1,0,0,0,0,0,2,2,2,3,4,0,0,0,0,0,1,5,0,2,5,0.0,0.0,1.0,0.0,1.0,0.0,3.0,1.0,1.0,0.0,0.0,0.0,0.0,3.0,1.0,0.0,2.0,5.0,2.0,5.0,1.0,1.0,1.0,1.0,1.0,0.0,0.0,3.0,3.0,0.0,0.0,0.0,0.0,1.0,1.0,1.0,4.0,1.0,4.0,5.0,1.0,1.0,1.0,1.0,1.0,3.0,2.0,3.0,3.0,3.0,1.0,1.0,2.0,1.0,2.0,4.0,4.0,4.0,3.0,3.0,0.0,0.0,0.0,0.0,1.0,0.0,0.0,2.0,0.0,1.0,0.0,0.0,0.0,0.0,0.0,0.0,0.0,1.0,2.0,1.0,0.0,0.0,0.0,0.0,1.0,0.0,2.0,1.0,1.0,1.0,0.0,0.0,0.0,0.0,0.0,0.0,0.0,0.0,0.0,0.0,0.0,0.0,0.0,0.0,0.0,0.0,0.0,0.0,0.0,0.0,0.0,0.0,0.0,0.0,0.0,4.0,0.0,0.0,3.0,0.0,2
FF3586,0,0,0,0,0,3,2,2,5,1,0,0,0,0,0,3,3,2,1,3,0,0,0,0,0,2,5,0,4,5,0.0,0.0,2.0,0.0,2.0,0.0,3.0,1.0,1.0,0.0,0.0,0.0,0.0,3.0,2.0,0.0,2.0,3.0,2.0,3.0,2.0,2.0,3.0,2.0,2.0,0.0,0.0,3.0,3.0,0.0,1.0,1.0,1.0,1.0,1.0,1.0,2.0,1.0,3.0,3.0,1.0,1.0,1.0,1.0,1.0,2.0,2.0,2.0,2.0,2.0,1.0,2.0,2.0,2.0,3.0,2.0,3.0,2.0,2.0,2.0,0.0,0.0,0.0,0.0,1.0,0.0,0.0,2.0,0.0,1.0,0.0,0.0,0.0,0.0,0.0,0.0,0.0,1.0,1.0,3.0,0.0,0.0,0.0,0.0,1.0,0.0,1.0,1.0,1.0,1.0,1.0,1.0,1.0,1.0,1.0,0.0,0.0,0.0,0.0,0.0,1.0,1.0,1.0,1.0,1.0,0.0,0.0,0.0,0.0,0.0,1.0,1.0,1.0,1.0,1.0,3.0,0.0,0.0,0.0,0.0,2
FF3595,0,0,0,0,0,3,4,2,5,1,0,0,0,0,0,4,2,2,4,4,0,0,0,0,0,2,5,5,4,4,0.0,0.0,1.0,0.0,1.0,0.0,2.0,1.0,1.0,0.0,0.0,0.0,0.0,3.0,1.0,0.0,2.0,2.0,2.0,5.0,1.0,1.0,1.0,1.0,1.0,0.0,0.0,3.0,3.0,0.0,0.0,0.0,0.0,1.0,1.0,1.0,4.0,2.0,4.0,5.0,1.0,1.0,1.0,1.0,1.0,2.0,2.0,4.0,3.0,3.0,0.0,1.0,1.0,1.0,2.0,5.0,4.0,5.0,3.0,4.0,0.0,0.0,0.0,0.0,3.0,0.0,0.0,2.0,0.0,1.0,0.0,0.0,0.0,0.0,0.0,0.0,0.0,1.0,2.0,1.0,0.0,0.0,0.0,0.0,1.0,0.0,2.0,1.0,1.0,1.0,0.0,0.0,0.0,0.0,0.0,0.0,0.0,0.0,0.0,0.0,0.0,0.0,0.0,0.0,0.0,0.0,0.0,0.0,0.0,0.0,0.0,0.0,0.0,0.0,0.0,4.0,0.0,0.0,2.0,0.0,2
FF3596,0,0,0,0,0,4,3,1,4,0,0,0,0,0,0,0,4,2,0,0,0,0,0,0,0,1,4,0,5,5,0.0,0.0,1.0,0.0,1.0,0.0,2.0,1.0,1.0,0.0,0.0,0.0,0.0,3.0,1.0,0.0,1.0,2.0,2.0,2.0,1.0,1.0,1.0,1.0,1.0,0.0,0.0,1.0,3.0,0.0,0.0,0.0,0.0,0.0,1.0,1.0,2.0,0.0,2.0,2.0,0.0,0.0,1.0,0.0,0.0,1.0,1.0,1.0,4.0,3.0,0.0,1.0,2.0,1.0,3.0,2.0,3.0,2.0,2.0,4.0,0.0,0.0,0.0,0.0,0.0,0.0,0.0,2.0,0.0,1.0,0.0,0.0,0.0,0.0,0.0,0.0,0.0,1.0,1.0,1.0,0.0,0.0,0.0,0.0,1.0,0.0,1.0,0.0,0.0,1.0,0.0,0.0,0.0,0.0,0.0,0.0,0.0,0.0,0.0,0.0,0.0,0.0,0.0,0.0,0.0,0.0,0.0,0.0,0.0,0.0,0.0,0.0,0.0,0.0,0.0,4.0,0.0,0.0,0.0,0.0,0
FF4505,0,0,0,0,0,3,3,2,5,1,0,0,0,0,0,1,3,2,3,2,0,0,0,0,0,1,5,0,4,5,0.0,0.0,1.0,0.0,1.0,0.0,2.0,1.0,1.0,0.0,0.0,0.0,0.0,3.0,1.0,0.0,2.0,2.0,2.0,3.0,1.0,1.0,1.0,1.0,1.0,0.0,0.0,3.0,3.0,0.0,0.0,0.0,0.0,0.0,1.0,1.0,3.0,1.0,4.0,3.0,0.0,0.0,1.0,0.0,0.0,2.0,2.0,4.0,4.0,3.0,0.0,0.0,2.0,0.0,0.0,4.0,4.0,4.0,3.0,4.0,0.0,0.0,0.0,0.0,1.0,0.0,0.0,2.0,0.0,1.0,0.0,0.0,0.0,0.0,0.0,0.0,0.0,1.0,2.0,1.0,0.0,0.0,0.0,0.0,1.0,0.0,2.0,1.0,1.0,1.0,0.0,0.0,0.0,0.0,0.0,0.0,0.0,0.0,0.0,0.0,0.0,0.0,0.0,0.0,0.0,0.0,0.0,0.0,0.0,0.0,0.0,0.0,0.0,0.0,0.0,3.0,0.0,0.0,0.0,0.0,1
FF4506,0,0,0,0,0,3,1,1,5,5,0,0,0,0,0,2,3,2,3,3,0,0,0,0,0,1,5,1,5,5,0.0,0.0,1.0,0.0,1.0,0.0,2.0,1.0,1.0,0.0,0.0,0.0,0.0,3.0,1.0,0.0,2.0,2.0,2.0,3.0,1.0,1.0,1.0,1.0,1.0,0.0,0.0,3.0,3.0,0.0,0.0,0.0,0.0,0.0,1.0,1.0,4.0,1.0,3.0,5.0,0.0,0.0,1.0,0.0,0.0,2.0,3.0,3.0,4.0,3.0,0.0,0.0,2.0,0.0,0.0,5.0,4.0,5.0,3.0,3.0,0.0,0.0,0.0,0.0,0.0,1.0,1.0,2.0,1.0,1.0,0.0,0.0,0.0,0.0,0.0,1.0,1.0,1.0,2.0,1.0,0.0,3.0,0.0,0.0,1.0,1.0,3.0,2.0,1.0,3.0,0.0,0.0,0.0,0.0,0.0,0.0,0.0,0.0,0.0,0.0,0.0,0.0,0.0,0.0,0.0,0.0,0.0,0.0,0.0,0.0,0.0,0.0,0.0,0.0,0.0,3.0,0.0,0.0,0.0,0.0,2
FF4516,0,0,0,0,0,3,2,2,5,1,0,0,0,0,0,3,3,2,4,3,0,0,0,0,0,1,5,0,5,5,0.0,0.0,1.0,0.0,2.0,0.0,2.0,1.0,1.0,0.0,0.0,0.0,0.0,3.0,2.0,0.0,2.0,2.0,2.0,3.0,2.0,2.0,2.0,2.0,2.0,0.0,0.0,3.0,3.0,0.0,1.0,1.0,0.0,0.0,1.0,1.0,2.0,1.0,4.0,5.0,1.0,0.0,2.0,0.0,0.0,1.0,2.0,4.0,4.0,3.0,1.0,1.0,2.0,1.0,1.0,4.0,4.0,4.0,3.0,4.0,0.0,0.0,0.0,0.0,1.0,0.0,0.0,2.0,0.0,2.0,0.0,0.0,0.0,0.0,0.0,0.0,0.0,2.0,2.0,3.0,0.0,0.0,0.0,0.0,1.0,0.0,2.0,1.0,1.0,1.0,0.0,0.0,0.0,0.0,0.0,0.0,0.0,0.0,0.0,0.0,0.0,0.0,0.0,0.0,0.0,0.0,0.0,0.0,0.0,0.0,0.0,0.0,0.0,0.0,0.0,4.0,0.0,0.0,3.0,0.0,2
FF4526,0,0,0,0,0,3,1,1,3,1,0,0,0,0,0,1,3,3,2,2,0,0,0,0,0,3,3,0,5,5,0.0,0.0,1.0,0.0,1.0,0.0,2.0,1.0,1.0,0.0,0.0,0.0,0.0,3.0,1.0,0.0,2.0,2.0,2.0,3.0,1.0,1.0,1.0,1.0,1.0,0.0,0.0,3.0,5.0,0.0,0.0,0.0,0.0,0.0,1.0,1.0,3.0,1.0,4.0,5.0,0.0,0.0,1.0,0.0,0.0,3.0,2.0,4.0,4.0,4.0,0.0,0.0,2.0,0.0,0.0,4.0,3.0,4.0,3.0,3.0,0.0,0.0,0.0,0.0,0.0,0.0,0.0,2.0,0.0,4.0,0.0,0.0,0.0,0.0,0.0,0.0,0.0,4.0,4.0,1.0,0.0,0.0,0.0,0.0,1.0,0.0,4.0,0.0,3.0,3.0,0.0,0.0,0.0,0.0,0.0,0.0,0.0,0.0,2.0,0.0,0.0,0.0,0.0,0.0,0.0,0.0,0.0,0.0,0.0,0.0,0.0,0.0,0.0,0.0,0.0,4.0,0.0,0.0,3.0,0.0,2
FF4536,0,0,0,0,0,4,2,1,5,1,0,0,0,0,0,1,4,2,1,1,0,0,0,0,0,1,5,0,5,5,0.0,0.0,1.0,0.0,1.0,0.0,2.0,1.0,1.0,0.0,0.0,0.0,0.0,3.0,1.0,0.0,1.0,2.0,2.0,2.0,1.0,1.0,1.0,1.0,1.0,0.0,0.0,1.0,3.0,0.0,0.0,0.0,0.0,0.0,1.0,1.0,3.0,1.0,4.0,4.0,0.0,0.0,1.0,0.0,0.0,2.0,2.0,3.0,4.0,4.0,0.0,0.0,2.0,0.0,0.0,3.0,3.0,3.0,4.0,4.0,0.0,0.0,0.0,0.0,0.0,0.0,0.0,2.0,0.0,1.0,0.0,0.0,0.0,0.0,0.0,0.0,0.0,1.0,1.0,1.0,0.0,0.0,0.0,0.0,1.0,0.0,1.0,1.0,1.0,1.0,0.0,0.0,0.0,0.0,0.0,0.0,0.0,0.0,0.0,0.0,0.0,0.0,0.0,0.0,0.0,0.0,0.0,0.0,0.0,0.0,0.0,0.0,0.0,0.0,0.0,4.0,0.0,0.0,2.0,0.0,1
FF4546,0,0,0,0,0,4,4,2,5,1,0,0,0,0,0,1,4,2,1,1,0,0,0,0,0,4,5,0,5,4,0.0,0.0,1.0,0.0,2.0,0.0,2.0,1.0,1.0,0.0,0.0,0.0,0.0,1.0,2.0,0.0,1.0,2.0,2.0,2.0,2.0,2.0,3.0,2.0,2.0,0.0,0.0,1.0,3.0,0.0,1.0,1.0,1.0,1.0,1.0,1.0,2.0,0.0,3.0,3.0,1.0,1.0,2.0,1.0,1.0,3.0,3.0,4.0,4.0,3.0,1.0,1.0,4.0,2.0,1.0,4.0,3.0,3.0,2.0,4.0,0.0,0.0,1.0,0.0,0.0,0.0,0.0,2.0,0.0,2.0,1.0,0.0,0.0,1.0,1.0,0.0,0.0,2.0,2.0,4.0,0.0,0.0,0.0,0.0,1.0,0.0,2.0,1.0,1.0,1.0,1.0,1.0,1.0,1.0,1.0,0.0,0.0,0.0,0.0,0.0,0.0,0.0,0.0,0.0,0.0,0.0,3.0,0.0,0.0,0.0,0.0,0.0,0.0,0.0,0.0,4.0,0.0,0.0,3.0,0.0,3
FF4556,0,0,0,0,0,4,4,2,4,1,0,0,0,0,0,1,4,2,1,1,0,0,0,0,0,3,4,0,4,4,0.0,0.0,2.0,0.0,2.0,0.0,2.0,1.0,1.0,0.0,0.0,0.0,0.0,1.0,2.0,0.0,1.0,2.0,2.0,2.0,2.0,2.0,3.0,2.0,2.0,0.0,0.0,1.0,3.0,0.0,1.0,1.0,1.0,1.0,1.0,1.0,1.0,1.0,3.0,3.0,1.0,1.0,1.0,1.0,1.0,2.0,1.0,3.0,4.0,2.0,1.0,1.0,4.0,3.0,3.0,2.0,2.0,2.0,2.0,3.0,0.0,2.0,1.0,0.0,0.0,0.0,0.0,2.0,0.0,1.0,1.0,0.0,0.0,1.0,1.0,0.0,0.0,1.0,2.0,4.0,0.0,0.0,0.0,0.0,1.0,0.0,2.0,0.0,1.0,1.0,1.0,1.0,1.0,1.0,1.0,0.0,0.0,0.0,0.0,0.0,1.0,1.0,1.0,1.0,1.0,0.0,0.0,0.0,0.0,0.0,1.0,1.0,1.0,1.0,1.0,5.0,0.0,0.0,3.0,0.0,3
FF3687,0,0,0,0,0,4,5,1,3,0,0,0,0,0,0,0,4,2,0,0,0,0,0,0,0,4,3,0,4,4,0.0,0.0,2.0,0.0,3.0,0.0,3.0,1.0,1.0,0.0,0.0,0.0,0.0,2.0,2.0,0.0,1.0,3.0,2.0,2.0,2.0,2.0,3.0,2.0,2.0,0.0,0.0,1.0,3.0,0.0,1.0,1.0,1.0,1.0,1.0,1.0,2.0,1.0,2.0,2.0,1.0,1.0,1.0,1.0,1.0,1.0,1.0,3.0,3.0,2.0,2.0,3.0,4.0,2.0,3.0,2.0,2.0,2.0,1.0,3.0,0.0,0.0,1.0,0.0,0.0,0.0,0.0,4.0,0.0,1.0,1.0,0.0,0.0,1.0,1.0,0.0,0.0,1.0,2.0,3.0,0.0,0.0,0.0,0.0,1.0,0.0,2.0,0.0,1.0,1.0,1.0,1.0,1.0,1.0,1.0,0.0,0.0,0.0,0.0,0.0,1.0,1.0,1.0,1.0,1.0,0.0,0.0,0.0,0.0,0.0,1.0,4.0,1.0,1.0,1.0,5.0,0.0,0.0,3.0,0.0,2
FF3697,0,0,0,0,0,4,4,1,5,1,0,0,0,0,0,4,4,2,2,3,0,0,0,0,0,5,5,0,4,5,0.0,0.0,1.0,0.0,3.0,0.0,2.0,1.0,1.0,0.0,0.0,0.0,0.0,3.0,2.0,0.0,1.0,2.0,2.0,2.0,2.0,2.0,3.0,2.0,2.0,0.0,0.0,1.0,3.0,0.0,1.0,1.0,1.0,2.0,1.0,1.0,2.0,1.0,2.0,2.0,1.0,1.0,1.0,1.0,1.0,3.0,3.0,3.0,4.0,3.0,2.0,2.0,4.0,2.0,2.0,4.0,3.0,4.0,2.0,3.0,0.0,0.0,1.0,0.0,0.0,0.0,0.0,4.0,0.0,1.0,1.0,0.0,0.0,1.0,1.0,0.0,0.0,1.0,2.0,3.0,0.0,3.0,0.0,0.0,1.0,0.0,3.0,1.0,1.0,3.0,1.0,1.0,1.0,1.0,1.0,0.0,0.0,0.0,0.0,0.0,1.0,1.0,1.0,1.0,1.0,0.0,0.0,0.0,0.0,0.0,1.0,4.0,1.0,1.0,1.0,5.0,0.0,0.0,3.0,0.0,3
FF4607,0,0,0,0,0,2,2,2,5,1,0,0,0,0,0,4,2,3,4,4,0,0,0,0,0,3,5,1,5,5,0.0,0.0,1.0,0.0,3.0,0.0,2.0,1.0,1.0,0.0,0.0,0.0,0.0,3.0,2.0,0.0,2.0,2.0,2.0,3.0,2.0,2.0,2.0,2.0,3.0,0.0,0.0,3.0,3.0,0.0,1.0,1.0,1.0,0.0,1.0,1.0,3.0,0.0,4.0,4.0,1.0,0.0,1.0,0.0,0.0,4.0,2.0,4.0,3.0,4.0,1.0,1.0,1.0,1.0,1.0,4.0,3.0,4.0,4.0,3.0,0.0,0.0,0.0,0.0,0.0,1.0,1.0,2.0,0.0,1.0,0.0,0.0,0.0,0.0,0.0,0.0,1.0,1.0,2.0,1.0,0.0,3.0,0.0,0.0,1.0,1.0,3.0,1.0,1.0,3.0,1.0,1.0,1.0,1.0,1.0,0.0,0.0,0.0,0.0,0.0,1.0,1.0,1.0,1.0,1.0,0.0,0.0,0.0,0.0,0.0,1.0,4.0,1.0,1.0,1.0,4.0,0.0,0.0,3.0,0.0,3
FF4617,0,0,0,0,0,2,2,2,5,1,0,0,0,0,0,3,2,2,4,4,0,0,0,0,0,3,5,1,5,5,0.0,0.0,1.0,0.0,1.0,0.0,2.0,1.0,1.0,0.0,0.0,0.0,0.0,1.0,1.0,0.0,2.0,2.0,2.0,3.0,1.0,1.0,1.0,1.0,1.0,0.0,0.0,3.0,3.0,0.0,1.0,1.0,0.0,0.0,1.0,1.0,3.0,0.0,3.0,3.0,0.0,0.0,1.0,0.0,0.0,2.0,2.0,4.0,4.0,4.0,0.0,1.0,2.0,0.0,0.0,4.0,3.0,4.0,4.0,3.0,0.0,0.0,0.0,0.0,0.0,1.0,1.0,4.0,1.0,1.0,0.0,0.0,0.0,0.0,0.0,1.0,1.0,1.0,2.0,1.0,0.0,0.0,0.0,0.0,1.0,1.0,4.0,2.0,1.0,3.0,0.0,0.0,0.0,0.0,0.0,0.0,0.0,0.0,0.0,0.0,0.0,0.0,0.0,0.0,0.0,0.0,0.0,0.0,0.0,0.0,0.0,3.0,0.0,0.0,0.0,4.0,0.0,0.0,3.0,0.0,2
FF4627,0,0,0,0,0,2,3,3,5,1,0,0,0,0,0,2,2,2,3,3,0,0,0,0,0,3,5,0,4,5,0.0,0.0,1.0,0.0,1.0,0.0,2.0,1.0,1.0,0.0,0.0,0.0,0.0,1.0,1.0,0.0,2.0,2.0,2.0,3.0,1.0,1.0,1.0,1.0,1.0,0.0,0.0,3.0,3.0,0.0,1.0,1.0,0.0,0.0,1.0,1.0,3.0,0.0,4.0,4.0,0.0,0.0,1.0,0.0,0.0,2.0,2.0,4.0,4.0,4.0,1.0,1.0,2.0,1.0,1.0,4.0,3.0,4.0,4.0,3.0,0.0,0.0,0.0,0.0,0.0,0.0,0.0,2.0,0.0,1.0,0.0,0.0,0.0,0.0,0.0,0.0,0.0,1.0,2.0,1.0,0.0,0.0,0.0,0.0,1.0,0.0,4.0,1.0,1.0,3.0,0.0,0.0,0.0,0.0,0.0,0.0,0.0,0.0,0.0,0.0,0.0,0.0,0.0,0.0,0.0,0.0,0.0,0.0,0.0,0.0,0.0,0.0,0.0,0.0,0.0,0.0,0.0,0.0,0.0,0.0,1
FF4657,0,0,0,0,0,4,5,2,5,1,0,0,0,0,0,0,4,2,0,0,0,0,0,0,0,3,5,0,5,4,0.0,0.0,2.0,0.0,3.0,0.0,2.0,1.0,1.0,0.0,0.0,0.0,0.0,2.0,2.0,0.0,1.0,2.0,2.0,2.0,2.0,2.0,3.0,2.0,2.0,0.0,0.0,1.0,3.0,0.0,1.0,1.0,1.0,1.0,1.0,1.0,2.0,1.0,3.0,3.0,1.0,1.0,1.0,1.0,1.0,1.0,1.0,4.0,3.0,3.0,1.0,2.0,4.0,2.0,1.0,3.0,2.0,3.0,4.0,3.0,0.0,0.0,1.0,0.0,1.0,0.0,0.0,2.0,0.0,1.0,1.0,0.0,0.0,1.0,1.0,0.0,0.0,1.0,2.0,3.0,0.0,0.0,0.0,0.0,1.0,0.0,2.0,1.0,1.0,1.0,1.0,1.0,1.0,1.0,1.0,0.0,0.0,0.0,0.0,0.0,1.0,1.0,1.0,1.0,1.0,0.0,0.0,0.0,0.0,0.0,1.0,4.0,1.0,1.0,1.0,4.0,0.0,0.0,3.0,0.0,3
FF4667,0,0,0,0,0,2,5,2,5,1,0,0,0,0,0,2,2,2,3,3,0,0,0,0,0,1,5,0,4,4,0.0,0.0,1.0,0.0,1.0,0.0,2.0,1.0,1.0,0.0,0.0,0.0,0.0,2.0,1.0,0.0,2.0,2.0,2.0,3.0,1.0,1.0,1.0,1.0,1.0,0.0,0.0,3.0,3.0,0.0,1.0,1.0,0.0,1.0,1.0,1.0,3.0,1.0,2.0,3.0,1.0,0.0,1.0,0.0,0.0,2.0,1.0,3.0,3.0,4.0,1.0,1.0,2.0,1.0,1.0,4.0,3.0,4.0,4.0,3.0,0.0,0.0,0.0,0.0,1.0,0.0,0.0,2.0,0.0,2.0,0.0,0.0,0.0,0.0,0.0,0.0,0.0,2.0,2.0,1.0,0.0,0.0,0.0,0.0,1.0,0.0,2.0,1.0,1.0,1.0,0.0,0.0,0.0,0.0,0.0,0.0,0.0,0.0,0.0,0.0,0.0,0.0,0.0,0.0,0.0,0.0,0.0,0.0,0.0,0.0,0.0,0.0,0.0,0.0,0.0,0.0,0.0,0.0,0.0,0.0,1
FF4677,0,0,0,0,0,2,5,2,5,1,0,0,0,0,0,2,3,2,2,2,0,0,0,0,0,1,5,0,3,4,0.0,0.0,1.0,0.0,1.0,0.0,2.0,1.0,1.0,0.0,0.0,0.0,0.0,2.0,1.0,0.0,2.0,2.0,2.0,3.0,1.0,1.0,1.0,1.0,1.0,0.0,0.0,3.0,3.0,0.0,0.0,0.0,0.0,0.0,1.0,2.0,3.0,1.0,4.0,4.0,1.0,0.0,1.0,0.0,0.0,1.0,1.0,3.0,4.0,3.0,0.0,1.0,2.0,0.0,0.0,4.0,3.0,4.0,3.0,4.0,0.0,0.0,0.0,0.0,0.0,0.0,0.0,2.0,0.0,1.0,0.0,0.0,0.0,0.0,0.0,0.0,0.0,1.0,1.0,1.0,0.0,0.0,0.0,0.0,1.0,0.0,1.0,1.0,1.0,1.0,0.0,0.0,0.0,0.0,0.0,0.0,0.0,0.0,0.0,0.0,0.0,0.0,0.0,0.0,0.0,0.0,0.0,0.0,0.0,0.0,0.0,0.0,0.0,0.0,0.0,0.0,0.0,0.0,0.0,0.0,1
FF3676,0,0,0,0,0,4,5,1,4,0,0,0,0,0,0,3,4,2,0,0,0,0,0,0,0,4,4,0,3,4,0.0,0.0,2.0,0.0,2.0,0.0,2.0,1.0,1.0,0.0,0.0,0.0,0.0,2.0,2.0,0.0,1.0,2.0,2.0,2.0,2.0,2.0,5.0,2.0,2.0,0.0,0.0,1.0,3.0,0.0,2.0,1.0,1.0,2.0,1.0,1.0,1.0,0.0,2.0,2.0,1.0,2.0,1.0,3.0,3.0,1.0,1.0,2.0,3.0,2.0,2.0,3.0,4.0,3.0,2.0,2.0,2.0,2.0,1.0,3.0,1.0,3.0,2.0,1.0,0.0,0.0,0.0,2.0,0.0,1.0,1.0,1.0,2.0,1.0,1.0,0.0,0.0,1.0,2.0,4.0,1.0,1.0,1.0,1.0,2.0,0.0,2.0,0.0,1.0,1.0,1.0,1.0,1.0,1.0,1.0,0.0,0.0,0.0,0.0,0.0,1.0,1.0,1.0,1.0,1.0,0.0,0.0,0.0,0.0,0.0,1.0,1.0,1.0,1.0,1.0,4.0,0.0,0.0,3.0,0.0,3
FF3686,0,0,0,0,0,4,5,1,5,1,0,0,0,0,0,1,4,2,2,2,0,0,0,0,0,1,5,0,2,5,0.0,0.0,1.0,0.0,1.0,0.0,3.0,1.0,1.0,0.0,0.0,0.0,0.0,1.0,1.0,0.0,1.0,3.0,2.0,2.0,1.0,1.0,1.0,1.0,1.0,0.0,0.0,1.0,3.0,0.0,1.0,1.0,0.0,0.0,1.0,1.0,2.0,0.0,2.0,2.0,0.0,0.0,1.0,0.0,0.0,2.0,2.0,3.0,5.0,3.0,1.0,1.0,3.0,1.0,1.0,4.0,3.0,4.0,2.0,4.0,0.0,0.0,0.0,0.0,0.0,0.0,0.0,2.0,0.0,1.0,0.0,0.0,0.0,0.0,0.0,0.0,0.0,1.0,2.0,1.0,0.0,3.0,0.0,0.0,1.0,0.0,3.0,1.0,1.0,3.0,0.0,0.0,0.0,0.0,0.0,0.0,0.0,0.0,0.0,0.0,0.0,0.0,0.0,0.0,0.0,0.0,0.0,0.0,0.0,0.0,0.0,0.0,0.0,0.0,0.0,4.0,0.0,0.0,3.0,0.0,1
FF3696,0,0,0,0,0,2,4,2,5,1,0,0,0,0,0,4,1,2,3,4,0,0,0,0,0,2,5,1,2,5,0.0,0.0,1.0,0.0,1.0,0.0,2.0,1.0,1.0,0.0,0.0,0.0,0.0,1.0,1.0,0.0,2.0,2.0,2.0,3.0,1.0,1.0,1.0,1.0,1.0,0.0,0.0,3.0,3.0,0.0,1.0,1.0,0.0,0.0,1.0,1.0,2.0,1.0,3.0,3.0,0.0,0.0,1.0,0.0,0.0,2.0,2.0,4.0,5.0,3.0,1.0,1.0,2.0,0.0,0.0,4.0,3.0,4.0,3.0,3.0,0.0,0.0,0.0,0.0,0.0,1.0,1.0,4.0,0.0,1.0,0.0,0.0,0.0,0.0,0.0,0.0,1.0,1.0,2.0,1.0,0.0,3.0,0.0,0.0,1.0,1.0,3.0,1.0,1.0,3.0,0.0,0.0,0.0,0.0,0.0,0.0,0.0,0.0,0.0,0.0,0.0,0.0,0.0,0.0,0.0,0.0,0.0,0.0,0.0,0.0,0.0,0.0,0.0,0.0,0.0,0.0,0.0,0.0,0.0,0.0,2
FF4606,0,0,0,0,0,2,2,2,5,1,0,0,0,0,0,2,2,2,3,4,0,0,0,0,0,3,5,1,4,5,0.0,0.0,2.0,0.0,3.0,0.0,2.0,1.0,1.0,0.0,0.0,0.0,0.0,3.0,2.0,0.0,2.0,2.0,2.0,3.0,2.0,2.0,3.0,2.0,2.0,0.0,0.0,3.0,3.0,0.0,1.0,1.0,1.0,1.0,1.0,1.0,2.0,2.0,3.0,3.0,1.0,1.0,1.0,1.0,1.0,2.0,1.0,3.0,2.0,3.0,1.0,1.0,3.0,2.0,3.0,3.0,3.0,3.0,3.0,2.0,0.0,0.0,1.0,0.0,1.0,1.0,1.0,2.0,0.0,1.0,1.0,0.0,2.0,1.0,1.0,0.0,1.0,1.0,2.0,1.0,0.0,0.0,0.0,0.0,1.0,1.0,2.0,1.0,1.0,1.0,1.0,1.0,1.0,1.0,1.0,0.0,0.0,0.0,0.0,0.0,1.0,1.0,1.0,1.0,1.0,0.0,0.0,0.0,0.0,0.0,1.0,1.0,1.0,1.0,1.0,0.0,0.0,0.0,0.0,0.0,3
FF4626,0,0,0,0,0,4,4,2,4,0,0,0,0,0,0,0,4,2,0,0,0,0,0,0,0,5,5,0,5,5,0.0,0.0,2.0,0.0,3.0,0.0,2.0,1.0,1.0,0.0,0.0,0.0,0.0,3.0,2.0,0.0,1.0,2.0,2.0,2.0,2.0,2.0,3.0,2.0,2.0,0.0,0.0,1.0,3.0,0.0,2.0,1.0,1.0,2.0,2.0,1.0,3.0,1.0,2.0,2.0,1.0,1.0,2.0,1.0,1.0,2.0,1.0,4.0,3.0,2.0,2.0,2.0,4.0,2.0,3.0,4.0,4.0,4.0,2.0,3.0,0.0,0.0,1.0,0.0,1.0,0.0,0.0,2.0,0.0,1.0,1.0,0.0,2.0,1.0,1.0,0.0,0.0,1.0,2.0,3.0,0.0,3.0,0.0,0.0,1.0,0.0,3.0,0.0,1.0,3.0,1.0,1.0,1.0,1.0,1.0,0.0,0.0,0.0,0.0,0.0,1.0,1.0,1.0,1.0,1.0,0.0,0.0,0.0,0.0,0.0,1.0,4.0,1.0,1.0,1.0,4.0,0.0,0.0,3.0,0.0,3
FF4656,0,0,0,0,0,4,3,2,5,1,0,0,0,0,0,2,4,2,1,1,0,0,0,0,0,4,5,0,3,4,0.0,0.0,1.0,0.0,2.0,0.0,2.0,1.0,1.0,0.0,0.0,0.0,0.0,2.0,2.0,0.0,1.0,2.0,2.0,2.0,2.0,2.0,3.0,2.0,2.0,0.0,0.0,1.0,3.0,0.0,1.0,1.0,1.0,1.0,1.0,1.0,2.0,1.0,3.0,3.0,1.0,1.0,1.0,1.0,1.0,2.0,1.0,5.0,4.0,4.0,1.0,1.0,4.0,2.0,2.0,3.0,2.0,3.0,4.0,3.0,0.0,0.0,0.0,0.0,1.0,0.0,0.0,2.0,0.0,1.0,0.0,0.0,0.0,0.0,0.0,0.0,0.0,1.0,2.0,3.0,0.0,3.0,0.0,0.0,1.0,0.0,3.0,1.0,1.0,3.0,1.0,1.0,1.0,1.0,1.0,0.0,0.0,0.0,0.0,0.0,1.0,1.0,1.0,1.0,1.0,0.0,0.0,0.0,0.0,0.0,1.0,1.0,1.0,1.0,1.0,3.0,0.0,0.0,3.0,0.0,3
FF4666,0,0,0,0,0,4,4,1,4,1,0,0,0,0,0,1,4,2,1,1,0,0,0,0,0,2,4,0,2,4,0.0,0.0,2.0,0.0,2.0,0.0,2.0,1.0,1.0,0.0,0.0,0.0,0.0,2.0,2.0,0.0,1.0,2.0,2.0,2.0,2.0,2.0,3.0,2.0,2.0,0.0,0.0,1.0,3.0,0.0,1.0,1.0,1.0,1.0,1.0,1.0,2.0,1.0,2.0,2.0,1.0,1.0,1.0,1.0,1.0,1.0,1.0,1.0,3.0,2.0,1.0,2.0,4.0,2.0,2.0,2.0,2.0,2.0,2.0,3.0,0.0,0.0,1.0,0.0,0.0,0.0,0.0,2.0,0.0,1.0,1.0,0.0,0.0,1.0,1.0,0.0,0.0,1.0,1.0,3.0,0.0,0.0,0.0,0.0,1.0,0.0,1.0,0.0,1.0,1.0,1.0,1.0,1.0,1.0,1.0,0.0,0.0,0.0,0.0,0.0,1.0,1.0,1.0,1.0,1.0,0.0,0.0,0.0,0.0,0.0,1.0,1.0,1.0,1.0,1.0,4.0,0.0,0.0,3.0,0.0,2
FF4676,0,0,0,0,0,2,4,2,5,1,0,0,0,0,0,2,2,2,1,1,0,0,0,0,0,1,5,0,3,4,0.0,0.0,1.0,0.0,1.0,0.0,2.0,1.0,1.0,0.0,0.0,0.0,0.0,3.0,1.0,0.0,2.0,2.0,2.0,3.0,1.0,1.0,1.0,1.0,1.0,0.0,0.0,3.0,3.0,0.0,1.0,1.0,0.0,1.0,1.0,1.0,3.0,1.0,3.0,4.0,1.0,1.0,1.0,1.0,1.0,1.0,1.0,3.0,3.0,3.0,1.0,1.0,3.0,1.0,1.0,3.0,3.0,3.0,3.0,3.0,0.0,0.0,0.0,0.0,1.0,0.0,0.0,2.0,0.0,2.0,0.0,0.0,0.0,0.0,0.0,0.0,0.0,2.0,2.0,1.0,0.0,0.0,0.0,0.0,1.0,0.0,2.0,1.0,1.0,1.0,0.0,0.0,0.0,0.0,0.0,0.0,0.0,0.0,0.0,0.0,0.0,0.0,0.0,0.0,0.0,0.0,0.0,0.0,0.0,0.0,0.0,0.0,0.0,0.0,0.0,0.0,0.0,0.0,0.0,0.0,1
FF3655,0,0,0,0,0,3,5,2,5,1,0,0,0,0,0,3,4,3,4,4,0,0,0,0,0,5,5,1,2,5,0.0,0.0,1.0,0.0,3.0,0.0,2.0,1.0,1.0,0.0,0.0,0.0,0.0,3.0,1.0,0.0,2.0,2.0,2.0,3.0,1.0,1.0,1.0,1.0,1.0,0.0,0.0,3.0,3.0,0.0,1.0,1.0,0.0,1.0,1.0,1.0,3.0,1.0,3.0,4.0,1.0,1.0,1.0,1.0,1.0,4.0,3.0,4.0,4.0,3.0,1.0,2.0,4.0,2.0,2.0,4.0,3.0,4.0,2.0,3.0,0.0,0.0,0.0,0.0,0.0,1.0,1.0,2.0,0.0,4.0,0.0,0.0,0.0,0.0,0.0,0.0,1.0,4.0,4.0,1.0,0.0,0.0,0.0,0.0,1.0,1.0,4.0,1.0,3.0,4.0,0.0,0.0,0.0,0.0,0.0,0.0,0.0,0.0,0.0,0.0,0.0,0.0,0.0,0.0,0.0,0.0,0.0,0.0,0.0,0.0,0.0,0.0,0.0,0.0,0.0,4.0,0.0,0.0,4.0,0.0,3
FF3665,0,0,0,0,0,2,5,2,5,1,0,0,0,0,0,3,2,2,2,2,0,0,0,0,0,2,5,0,1,4,0.0,0.0,1.0,0.0,1.0,0.0,2.0,1.0,1.0,0.0,0.0,0.0,0.0,1.0,1.0,0.0,1.0,2.0,2.0,2.0,1.0,1.0,1.0,1.0,1.0,0.0,0.0,1.0,3.0,0.0,1.0,1.0,0.0,1.0,1.0,1.0,2.0,2.0,2.0,3.0,1.0,0.0,1.0,0.0,0.0,2.0,2.0,5.0,3.0,3.0,1.0,1.0,2.0,1.0,1.0,4.0,3.0,4.0,4.0,3.0,0.0,0.0,0.0,0.0,0.0,0.0,0.0,2.0,0.0,1.0,0.0,0.0,0.0,0.0,0.0,0.0,0.0,1.0,2.0,1.0,0.0,3.0,0.0,0.0,1.0,0.0,3.0,1.0,1.0,3.0,0.0,0.0,0.0,0.0,0.0,0.0,0.0,0.0,0.0,0.0,0.0,0.0,0.0,0.0,0.0,0.0,0.0,0.0,0.0,0.0,0.0,0.0,0.0,0.0,0.0,4.0,0.0,0.0,0.0,0.0,1
FF3675,0,0,0,0,0,3,5,2,5,1,0,0,0,0,0,2,3,2,1,2,0,0,0,0,0,3,5,0,3,5,0.0,0.0,1.0,0.0,1.0,0.0,2.0,1.0,1.0,0.0,0.0,0.0,0.0,1.0,1.0,0.0,1.0,2.0,2.0,2.0,1.0,1.0,1.0,1.0,3.0,0.0,0.0,1.0,3.0,0.0,1.0,1.0,0.0,1.0,1.0,1.0,2.0,1.0,4.0,4.0,1.0,0.0,1.0,0.0,0.0,2.0,1.0,4.0,4.0,3.0,1.0,1.0,2.0,1.0,1.0,3.0,2.0,3.0,2.0,3.0,0.0,0.0,0.0,0.0,1.0,0.0,0.0,4.0,0.0,1.0,0.0,0.0,0.0,0.0,0.0,0.0,0.0,1.0,2.0,3.0,0.0,3.0,0.0,0.0,1.0,0.0,3.0,1.0,1.0,3.0,0.0,0.0,0.0,0.0,0.0,0.0,0.0,0.0,0.0,0.0,0.0,0.0,0.0,0.0,0.0,0.0,0.0,0.0,0.0,0.0,0.0,0.0,0.0,0.0,0.0,4.0,0.0,0.0,3.0,0.0,2
FF3685,0,0,0,0,0,3,5,1,5,1,0,0,0,0,0,4,2,2,3,4,0,0,0,0,0,3,5,1,1,5,0.0,0.0,1.0,0.0,1.0,0.0,2.0,1.0,1.0,0.0,0.0,0.0,0.0,3.0,1.0,0.0,2.0,2.0,2.0,3.0,1.0,1.0,1.0,1.0,1.0,0.0,0.0,3.0,3.0,0.0,1.0,1.0,0.0,0.0,1.0,1.0,2.0,1.0,3.0,3.0,0.0,0.0,1.0,0.0,0.0,3.0,2.0,4.0,4.0,4.0,1.0,1.0,2.0,1.0,1.0,4.0,3.0,4.0,4.0,3.0,0.0,0.0,0.0,0.0,0.0,1.0,1.0,2.0,0.0,1.0,0.0,0.0,0.0,0.0,0.0,0.0,1.0,1.0,2.0,1.0,0.0,3.0,0.0,0.0,1.0,1.0,3.0,1.0,1.0,3.0,0.0,0.0,0.0,0.0,0.0,0.0,0.0,0.0,0.0,0.0,0.0,0.0,0.0,0.0,0.0,0.0,0.0,0.0,0.0,0.0,0.0,0.0,0.0,0.0,0.0,3.0,0.0,0.0,0.0,0.0,2
FF3695,0,0,0,0,0,2,5,1,5,1,0,0,0,0,0,4,1,2,4,4,0,0,0,0,0,1,5,1,1,5,0.0,0.0,1.0,0.0,1.0,0.0,2.0,1.0,1.0,0.0,0.0,0.0,0.0,3.0,1.0,0.0,2.0,2.0,2.0,3.0,1.0,1.0,1.0,1.0,1.0,0.0,0.0,3.0,3.0,0.0,0.0,0.0,0.0,0.0,1.0,1.0,3.0,1.0,3.0,3.0,0.0,0.0,1.0,0.0,0.0,2.0,2.0,4.0,4.0,4.0,0.0,1.0,1.0,0.0,0.0,4.0,3.0,4.0,4.0,4.0,0.0,0.0,0.0,0.0,0.0,1.0,1.0,2.0,0.0,1.0,0.0,0.0,0.0,0.0,0.0,0.0,1.0,1.0,2.0,1.0,0.0,3.0,0.0,0.0,1.0,1.0,3.0,1.0,1.0,3.0,0.0,0.0,0.0,0.0,0.0,0.0,0.0,0.0,0.0,0.0,0.0,0.0,0.0,0.0,0.0,0.0,0.0,0.0,0.0,0.0,0.0,0.0,0.0,0.0,0.0,3.0,0.0,0.0,0.0,0.0,1
FF4605,0,0,0,0,0,4,4,1,5,0,0,0,0,0,0,0,4,2,0,0,0,0,0,0,0,3,5,0,3,5,0.0,0.0,1.0,0.0,1.0,0.0,2.0,1.0,1.0,0.0,0.0,0.0,0.0,1.0,1.0,0.0,1.0,2.0,2.0,2.0,1.0,1.0,1.0,1.0,1.0,0.0,0.0,1.0,3.0,0.0,1.0,1.0,0.0,1.0,1.0,1.0,2.0,1.0,3.0,3.0,1.0,1.0,1.0,1.0,1.0,1.0,1.0,4.0,4.0,3.0,1.0,1.0,3.0,1.0,1.0,3.0,3.0,3.0,2.0,3.0,0.0,0.0,0.0,0.0,0.0,0.0,0.0,2.0,0.0,1.0,0.0,0.0,0.0,0.0,0.0,0.0,0.0,1.0,2.0,1.0,0.0,0.0,0.0,0.0,1.0,0.0,4.0,1.0,1.0,3.0,0.0,0.0,0.0,0.0,0.0,0.0,0.0,0.0,0.0,0.0,0.0,0.0,0.0,0.0,0.0,0.0,0.0,0.0,0.0,0.0,0.0,0.0,0.0,0.0,0.0,5.0,0.0,0.0,3.0,0.0,1
FF4645,0,0,0,0,0,3,1,1,5,1,0,0,0,0,0,4,3,2,3,3,0,0,0,0,0,4,5,0,2,5,0.0,0.0,2.0,0.0,2.0,0.0,2.0,1.0,1.0,0.0,0.0,0.0,0.0,3.0,2.0,0.0,2.0,2.0,2.0,3.0,2.0,2.0,3.0,3.0,2.0,0.0,0.0,3.0,3.0,0.0,1.0,1.0,1.0,1.0,1.0,1.0,4.0,1.0,4.0,4.0,1.0,1.0,2.0,1.0,1.0,3.0,3.0,3.0,3.0,3.0,1.0,2.0,2.0,2.0,2.0,4.0,4.0,4.0,3.0,3.0,0.0,0.0,1.0,0.0,0.0,0.0,0.0,2.0,1.0,1.0,1.0,0.0,2.0,1.0,1.0,1.0,0.0,1.0,2.0,3.0,0.0,0.0,0.0,0.0,1.0,0.0,2.0,2.0,1.0,1.0,1.0,1.0,1.0,1.0,1.0,0.0,0.0,0.0,0.0,0.0,1.0,1.0,1.0,1.0,1.0,0.0,0.0,0.0,0.0,0.0,1.0,1.0,1.0,1.0,1.0,3.0,0.0,0.0,3.0,0.0,3
FF4655,0,0,0,0,0,2,1,1,5,1,0,0,0,0,0,3,3,2,3,3,0,0,0,0,0,4,5,0,2,4,0.0,0.0,1.0,0.0,2.0,0.0,2.0,1.0,1.0,0.0,0.0,0.0,0.0,3.0,2.0,0.0,2.0,2.0,2.0,3.0,2.0,2.0,3.0,2.0,2.0,0.0,0.0,3.0,3.0,0.0,1.0,1.0,1.0,1.0,1.0,1.0,3.0,1.0,4.0,4.0,1.0,1.0,1.0,1.0,1.0,3.0,2.0,5.0,3.0,4.0,1.0,1.0,3.0,2.0,2.0,4.0,2.0,4.0,4.0,3.0,0.0,0.0,0.0,0.0,0.0,0.0,0.0,2.0,1.0,1.0,0.0,0.0,0.0,0.0,0.0,1.0,0.0,1.0,2.0,3.0,0.0,3.0,0.0,0.0,1.0,0.0,3.0,2.0,1.0,3.0,0.0,0.0,0.0,0.0,0.0,0.0,0.0,0.0,0.0,0.0,0.0,0.0,0.0,0.0,0.0,0.0,0.0,0.0,0.0,0.0,0.0,0.0,0.0,0.0,0.0,4.0,0.0,0.0,2.0,0.0,2
FF4665,0,0,0,0,0,4,3,1,5,1,0,0,0,0,0,2,5,2,1,1,0,0,0,0,0,4,5,0,1,4,0.0,0.0,2.0,0.0,2.0,0.0,2.0,1.0,1.0,0.0,0.0,0.0,0.0,2.0,2.0,0.0,1.0,2.0,2.0,2.0,2.0,2.0,3.0,2.0,2.0,0.0,0.0,1.0,3.0,0.0,2.0,1.0,1.0,1.0,1.0,1.0,2.0,0.0,2.0,2.0,1.0,1.0,1.0,1.0,1.0,1.0,1.0,4.0,3.0,2.0,2.0,2.0,4.0,1.0,2.0,3.0,3.0,3.0,1.0,3.0,0.0,0.0,1.0,0.0,0.0,0.0,0.0,2.0,0.0,1.0,1.0,0.0,0.0,1.0,1.0,0.0,0.0,1.0,2.0,4.0,0.0,0.0,0.0,0.0,1.0,0.0,2.0,1.0,1.0,1.0,1.0,1.0,1.0,1.0,1.0,0.0,0.0,0.0,0.0,0.0,1.0,1.0,1.0,1.0,1.0,0.0,0.0,0.0,0.0,0.0,1.0,1.0,1.0,1.0,1.0,3.0,0.0,0.0,0.0,0.0,2
FF3664,0,0,0,0,0,4,5,2,5,1,0,0,0,0,0,2,2,3,2,2,0,0,0,0,0,4,5,1,2,5,0.0,0.0,1.0,0.0,1.0,0.0,2.0,1.0,1.0,0.0,0.0,0.0,0.0,3.0,1.0,0.0,2.0,2.0,2.0,3.0,1.0,1.0,1.0,1.0,1.0,0.0,0.0,3.0,3.0,0.0,0.0,1.0,0.0,1.0,1.0,1.0,4.0,1.0,3.0,4.0,0.0,0.0,1.0,0.0,0.0,2.0,3.0,4.0,4.0,4.0,0.0,1.0,2.0,1.0,1.0,5.0,5.0,5.0,4.0,3.0,0.0,0.0,0.0,0.0,3.0,1.0,1.0,2.0,0.0,3.0,0.0,0.0,0.0,0.0,0.0,0.0,1.0,3.0,3.0,1.0,0.0,3.0,0.0,0.0,1.0,1.0,3.0,1.0,2.0,3.0,0.0,0.0,0.0,0.0,0.0,0.0,0.0,0.0,0.0,0.0,0.0,0.0,0.0,0.0,0.0,0.0,0.0,0.0,0.0,0.0,0.0,0.0,0.0,0.0,0.0,4.0,0.0,0.0,0.0,0.0,3
FF3674,0,0,0,0,0,3,5,2,4,1,0,0,0,0,0,3,2,2,3,4,0,0,0,0,0,4,4,1,3,5,0.0,0.0,1.0,0.0,2.0,0.0,2.0,1.0,1.0,0.0,0.0,0.0,0.0,4.0,2.0,0.0,2.0,2.0,2.0,3.0,2.0,2.0,3.0,2.0,2.0,0.0,0.0,2.0,3.0,0.0,1.0,1.0,1.0,1.0,1.0,1.0,2.0,1.0,3.0,3.0,1.0,1.0,1.0,1.0,1.0,3.0,3.0,3.0,3.0,4.0,1.0,1.0,2.0,2.0,1.0,4.0,3.0,4.0,4.0,3.0,0.0,0.0,0.0,0.0,0.0,1.0,1.0,2.0,0.0,3.0,0.0,0.0,0.0,0.0,0.0,0.0,1.0,3.0,3.0,1.0,0.0,3.0,0.0,0.0,1.0,1.0,3.0,0.0,2.0,3.0,0.0,0.0,0.0,0.0,0.0,0.0,0.0,0.0,0.0,0.0,0.0,0.0,0.0,0.0,0.0,0.0,0.0,0.0,0.0,0.0,0.0,0.0,0.0,0.0,0.0,4.0,0.0,0.0,2.0,0.0,3
FF4654,0,0,0,0,0,2,1,1,5,1,0,0,0,0,0,1,2,2,3,3,0,0,0,0,0,3,5,0,1,5,0.0,0.0,1.0,0.0,3.0,0.0,2.0,1.0,1.0,0.0,0.0,0.0,0.0,3.0,2.0,0.0,2.0,2.0,2.0,3.0,2.0,2.0,3.0,2.0,2.0,0.0,0.0,3.0,3.0,0.0,1.0,1.0,0.0,1.0,1.0,1.0,3.0,1.0,4.0,4.0,1.0,1.0,1.0,1.0,1.0,2.0,2.0,4.0,4.0,4.0,1.0,1.0,2.0,2.0,1.0,4.0,3.0,4.0,4.0,3.0,0.0,0.0,0.0,0.0,0.0,0.0,0.0,2.0,0.0,1.0,0.0,0.0,0.0,0.0,0.0,0.0,0.0,1.0,2.0,1.0,0.0,3.0,0.0,0.0,1.0,0.0,3.0,1.0,1.0,3.0,0.0,0.0,0.0,0.0,0.0,0.0,0.0,0.0,0.0,0.0,0.0,0.0,0.0,0.0,0.0,0.0,0.0,0.0,0.0,0.0,0.0,0.0,0.0,0.0,0.0,4.0,0.0,0.0,3.0,0.0,2
FF4664,0,0,0,0,0,4,2,1,4,1,0,0,0,0,0,3,4,2,1,1,0,0,0,0,0,4,4,0,2,5,0.0,0.0,1.0,0.0,1.0,0.0,2.0,1.0,1.0,0.0,0.0,0.0,0.0,3.0,1.0,0.0,1.0,2.0,2.0,2.0,1.0,1.0,1.0,1.0,1.0,0.0,0.0,1.0,3.0,0.0,1.0,1.0,0.0,1.0,1.0,1.0,2.0,1.0,3.0,3.0,1.0,0.0,1.0,0.0,0.0,1.0,1.0,5.0,4.0,2.0,2.0,1.0,3.0,1.0,1.0,3.0,3.0,3.0,2.0,4.0,0.0,0.0,0.0,0.0,0.0,0.0,0.0,4.0,0.0,1.0,0.0,0.0,0.0,0.0,0.0,0.0,0.0,1.0,2.0,1.0,0.0,0.0,0.0,0.0,1.0,0.0,4.0,0.0,1.0,3.0,0.0,0.0,0.0,0.0,0.0,0.0,0.0,0.0,0.0,0.0,0.0,0.0,0.0,0.0,0.0,0.0,0.0,0.0,0.0,0.0,0.0,0.0,0.0,0.0,0.0,4.0,0.0,0.0,3.0,0.0,1
FF3653,0,0,0,0,0,4,5,1,5,1,3,0,0,0,0,0,3,2,1,1,0,0,0,0,0,5,5,0,1,5,0.0,0.0,2.0,0.0,3.0,0.0,2.0,1.0,1.0,0.0,0.0,0.0,0.0,2.0,2.0,0.0,1.0,2.0,2.0,2.0,2.0,2.0,2.0,2.0,2.0,0.0,0.0,1.0,3.0,0.0,1.0,1.0,1.0,2.0,1.0,1.0,2.0,1.0,2.0,3.0,1.0,1.0,1.0,1.0,1.0,3.0,2.0,3.0,3.0,2.0,1.0,2.0,4.0,2.0,3.0,3.0,3.0,3.0,1.0,3.0,1.0,2.0,1.0,1.0,0.0,0.0,0.0,2.0,0.0,1.0,1.0,1.0,0.0,1.0,1.0,0.0,0.0,1.0,2.0,3.0,1.0,1.0,1.0,1.0,2.0,0.0,2.0,1.0,1.0,1.0,1.0,1.0,1.0,1.0,1.0,0.0,0.0,0.0,0.0,0.0,1.0,1.0,1.0,1.0,1.0,0.0,0.0,0.0,0.0,0.0,1.0,3.0,1.0,1.0,1.0,3.0,0.0,0.0,0.0,0.0,3
FF3663,0,0,0,0,0,1,5,1,4,1,0,0,0,0,0,2,2,2,2,2,0,0,0,0,0,1,4,1,3,5,0.0,0.0,1.0,0.0,1.0,0.0,2.0,1.0,1.0,0.0,0.0,0.0,0.0,1.0,1.0,0.0,2.0,2.0,2.0,3.0,1.0,1.0,1.0,1.0,1.0,0.0,0.0,3.0,3.0,0.0,1.0,1.0,0.0,0.0,1.0,1.0,2.0,1.0,3.0,3.0,0.0,0.0,1.0,0.0,0.0,1.0,1.0,3.0,4.0,3.0,1.0,1.0,2.0,0.0,1.0,3.0,2.0,3.0,3.0,4.0,0.0,0.0,0.0,0.0,0.0,1.0,1.0,4.0,0.0,3.0,0.0,0.0,0.0,0.0,0.0,0.0,1.0,3.0,3.0,1.0,0.0,3.0,0.0,0.0,1.0,1.0,3.0,0.0,2.0,3.0,0.0,0.0,0.0,0.0,0.0,0.0,0.0,0.0,0.0,0.0,0.0,0.0,0.0,0.0,0.0,0.0,0.0,0.0,0.0,0.0,0.0,0.0,0.0,0.0,0.0,4.0,0.0,0.0,0.0,0.0,1
FF3673,0,0,0,0,0,2,5,2,5,1,0,0,0,0,0,3,2,3,4,5,0,0,0,0,0,3,5,1,5,5,0.0,0.0,1.0,0.0,2.0,0.0,4.0,1.0,1.0,0.0,0.0,0.0,0.0,3.0,2.0,0.0,2.0,2.0,2.0,3.0,4.0,5.0,3.0,2.0,2.0,0.0,0.0,3.0,3.0,0.0,1.0,1.0,0.0,1.0,1.0,1.0,4.0,1.0,2.0,3.0,1.0,1.0,1.0,1.0,2.0,3.0,2.0,4.0,4.0,3.0,1.0,1.0,2.0,2.0,2.0,5.0,5.0,5.0,3.0,3.0,0.0,0.0,0.0,0.0,1.0,1.0,1.0,2.0,0.0,3.0,0.0,0.0,0.0,0.0,0.0,0.0,1.0,3.0,3.0,1.0,0.0,3.0,0.0,0.0,1.0,1.0,3.0,1.0,2.0,3.0,1.0,1.0,1.0,1.0,1.0,0.0,0.0,0.0,2.0,0.0,1.0,1.0,1.0,1.0,1.0,0.0,0.0,0.0,0.0,0.0,1.0,1.0,1.0,1.0,1.0,4.0,0.0,0.0,0.0,0.0,4
FF4663,0,0,0,0,0,3,3,1,5,1,0,0,0,0,0,1,3,2,2,2,0,0,0,0,0,3,5,0,3,5,0.0,0.0,1.0,0.0,1.0,0.0,2.0,1.0,1.0,0.0,0.0,0.0,0.0,3.0,1.0,0.0,2.0,2.0,2.0,3.0,1.0,1.0,1.0,1.0,1.0,0.0,0.0,3.0,3.0,0.0,1.0,1.0,0.0,1.0,1.0,1.0,3.0,1.0,4.0,4.0,1.0,0.0,1.0,0.0,0.0,1.0,1.0,4.0,4.0,4.0,1.0,1.0,3.0,1.0,1.0,4.0,3.0,4.0,4.0,3.0,0.0,0.0,0.0,0.0,0.0,0.0,0.0,2.0,0.0,1.0,0.0,0.0,0.0,0.0,0.0,0.0,0.0,1.0,2.0,3.0,0.0,3.0,0.0,0.0,1.0,0.0,3.0,1.0,1.0,3.0,0.0,0.0,0.0,0.0,0.0,0.0,0.0,0.0,0.0,0.0,0.0,0.0,0.0,0.0,0.0,0.0,0.0,0.0,0.0,0.0,0.0,0.0,0.0,0.0,0.0,4.0,0.0,0.0,4.0,0.0,2
FF4673,0,0,0,0,0,0,0,1,3,0,0,0,0,0,0,0,5,1,0,0,0,0,0,0,0,3,3,0,4,5,0.0,0.0,2.0,0.0,2.0,0.0,2.0,1.0,1.0,0.0,0.0,0.0,0.0,2.0,2.0,0.0,1.0,2.0,2.0,2.0,2.0,2.0,3.0,2.0,2.0,0.0,0.0,1.0,3.0,0.0,1.0,1.0,1.0,1.0,1.0,1.0,0.0,0.0,2.0,2.0,1.0,1.0,2.0,1.0,2.0,0.0,0.0,4.0,4.0,3.0,2.0,2.0,4.0,2.0,2.0,2.0,1.0,0.0,3.0,4.0,0.0,3.0,2.0,0.0,0.0,0.0,0.0,2.0,0.0,1.0,1.0,0.0,2.0,1.0,1.0,0.0,0.0,1.0,2.0,4.0,0.0,0.0,0.0,0.0,0.0,0.0,2.0,0.0,1.0,1.0,1.0,1.0,1.0,1.0,1.0,0.0,0.0,0.0,0.0,0.0,1.0,1.0,1.0,1.0,1.0,0.0,0.0,0.0,0.0,0.0,1.0,1.0,1.0,1.0,1.0,4.0,0.0,0.0,2.0,0.0,2
FF3652,0,0,0,0,0,0,0,1,4,0,0,0,0,0,0,0,3,1,0,0,0,0,0,0,0,4,4,0,2,5,0.0,0.0,2.0,0.0,3.0,0.0,2.0,1.0,1.0,0.0,0.0,0.0,0.0,3.0,2.0,0.0,1.0,2.0,2.0,2.0,2.0,2.0,2.0,2.0,2.0,0.0,0.0,1.0,3.0,0.0,1.0,1.0,1.0,1.0,1.0,1.0,0.0,1.0,2.0,2.0,1.0,1.0,1.0,1.0,1.0,0.0,0.0,1.0,2.0,3.0,1.0,2.0,3.0,3.0,3.0,1.0,1.0,0.0,3.0,2.0,1.0,2.0,1.0,1.0,0.0,0.0,0.0,4.0,0.0,1.0,1.0,1.0,2.0,1.0,1.0,0.0,0.0,1.0,2.0,3.0,1.0,1.0,1.0,1.0,0.0,0.0,2.0,0.0,1.0,1.0,1.0,1.0,1.0,1.0,1.0,0.0,0.0,0.0,0.0,0.0,1.0,1.0,1.0,1.0,1.0,0.0,0.0,0.0,0.0,0.0,1.0,1.0,1.0,1.0,1.0,3.0,0.0,0.0,0.0,0.0,1
FF3662,0,0,0,0,0,1,5,2,5,1,0,0,0,0,0,2,1,2,2,2,0,0,0,0,0,1,5,0,2,5,0.0,0.0,1.0,0.0,1.0,0.0,2.0,1.0,1.0,0.0,0.0,0.0,0.0,1.0,1.0,0.0,2.0,2.0,2.0,3.0,1.0,1.0,1.0,1.0,1.0,0.0,0.0,3.0,3.0,0.0,0.0,0.0,0.0,0.0,1.0,1.0,2.0,1.0,2.0,2.0,0.0,0.0,1.0,0.0,0.0,1.0,1.0,4.0,3.0,3.0,0.0,0.0,1.0,0.0,0.0,3.0,2.0,3.0,3.0,3.0,0.0,0.0,0.0,0.0,0.0,0.0,0.0,2.0,0.0,1.0,0.0,0.0,0.0,0.0,0.0,0.0,0.0,1.0,2.0,1.0,0.0,3.0,0.0,0.0,1.0,0.0,3.0,1.0,1.0,3.0,0.0,0.0,0.0,0.0,0.0,0.0,0.0,0.0,0.0,0.0,0.0,0.0,0.0,0.0,0.0,0.0,0.0,0.0,0.0,0.0,0.0,0.0,0.0,0.0,0.0,4.0,0.0,0.0,3.0,0.0,1
FF3672,0,0,0,0,0,4,5,1,5,1,0,0,0,0,0,3,3,2,4,5,0,0,0,0,0,2,5,1,3,5,0.0,0.0,1.0,0.0,1.0,0.0,2.0,1.0,1.0,0.0,0.0,0.0,0.0,1.0,1.0,0.0,5.0,2.0,2.0,3.0,4.0,5.0,1.0,1.0,1.0,0.0,0.0,3.0,5.0,0.0,1.0,1.0,0.0,0.0,1.0,1.0,3.0,1.0,2.0,4.0,0.0,0.0,1.0,0.0,1.0,2.0,2.0,3.0,5.0,3.0,1.0,1.0,3.0,0.0,0.0,4.0,4.0,4.0,3.0,3.0,0.0,0.0,0.0,0.0,0.0,1.0,1.0,2.0,0.0,3.0,0.0,0.0,0.0,0.0,0.0,0.0,1.0,3.0,3.0,1.0,0.0,3.0,0.0,0.0,1.0,1.0,3.0,1.0,2.0,3.0,0.0,0.0,0.0,0.0,0.0,0.0,0.0,0.0,0.0,1.0,0.0,0.0,0.0,0.0,0.0,0.0,0.0,0.0,0.0,0.0,0.0,0.0,0.0,0.0,0.0,5.0,0.0,0.0,2.0,0.0,3
FF4632,0,0,0,0,0,4,5,2,5,1,0,0,0,0,0,2,3,2,2,2,0,0,0,0,0,3,5,0,3,5,0.0,0.0,2.0,0.0,2.0,0.0,2.0,1.0,1.0,0.0,0.0,0.0,0.0,3.0,2.0,0.0,1.0,2.0,2.0,2.0,3.0,3.0,5.0,3.0,3.0,0.0,0.0,1.0,3.0,0.0,1.0,1.0,1.0,1.0,1.0,1.0,2.0,1.0,3.0,3.0,1.0,1.0,1.0,1.0,3.0,3.0,2.0,1.0,3.0,3.0,1.0,1.0,1.0,2.0,2.0,3.0,1.0,3.0,3.0,2.0,0.0,0.0,1.0,0.0,0.0,0.0,0.0,4.0,0.0,1.0,1.0,0.0,2.0,1.0,1.0,0.0,0.0,1.0,2.0,3.0,0.0,0.0,0.0,0.0,1.0,0.0,2.0,1.0,1.0,1.0,1.0,1.0,1.0,1.0,1.0,0.0,0.0,0.0,0.0,0.0,1.0,1.0,1.0,1.0,1.0,0.0,0.0,0.0,0.0,0.0,1.0,1.0,1.0,1.0,1.0,3.0,0.0,0.0,0.0,0.0,3
FF4642,0,0,0,0,0,3,5,1,5,1,0,0,0,0,0,3,2,2,2,2,0,0,0,0,0,4,5,0,1,5,0.0,0.0,1.0,0.0,2.0,0.0,2.0,1.0,1.0,0.0,0.0,0.0,0.0,3.0,2.0,0.0,1.0,2.0,2.0,2.0,2.0,2.0,3.0,2.0,2.0,0.0,0.0,1.0,3.0,0.0,1.0,1.0,1.0,1.0,1.0,1.0,3.0,1.0,3.0,4.0,1.0,1.0,1.0,1.0,1.0,3.0,2.0,2.0,4.0,3.0,1.0,1.0,1.0,1.0,2.0,4.0,2.0,4.0,3.0,3.0,0.0,0.0,0.0,0.0,0.0,0.0,0.0,2.0,0.0,1.0,0.0,0.0,0.0,0.0,0.0,0.0,0.0,1.0,2.0,1.0,0.0,3.0,0.0,0.0,1.0,0.0,3.0,1.0,1.0,3.0,0.0,0.0,0.0,0.0,0.0,0.0,0.0,0.0,0.0,0.0,0.0,0.0,0.0,0.0,0.0,0.0,0.0,0.0,0.0,0.0,0.0,0.0,0.0,0.0,0.0,5.0,0.0,0.0,3.0,0.0,2
FF4662,0,0,0,0,0,3,5,1,5,1,0,0,0,0,0,1,2,2,2,2,0,0,0,0,0,2,5,0,1,5,0.0,0.0,1.0,0.0,3.0,0.0,2.0,1.0,1.0,0.0,0.0,0.0,0.0,3.0,2.0,0.0,2.0,2.0,2.0,3.0,2.0,2.0,3.0,2.0,2.0,0.0,0.0,3.0,3.0,0.0,1.0,1.0,1.0,1.0,1.0,1.0,3.0,1.0,3.0,3.0,1.0,1.0,1.0,1.0,1.0,2.0,1.0,2.0,3.0,3.0,1.0,1.0,2.0,2.0,2.0,4.0,3.0,4.0,3.0,3.0,0.0,0.0,0.0,0.0,0.0,0.0,0.0,2.0,1.0,1.0,0.0,0.0,0.0,0.0,0.0,1.0,0.0,1.0,2.0,1.0,0.0,0.0,0.0,0.0,1.0,0.0,2.0,1.0,1.0,1.0,0.0,0.0,0.0,0.0,0.0,0.0,0.0,0.0,0.0,0.0,0.0,0.0,0.0,0.0,0.0,0.0,0.0,0.0,0.0,0.0,0.0,0.0,0.0,0.0,0.0,4.0,0.0,0.0,0.0,0.0,2
FF4672,0,0,0,0,0,0,0,1,5,0,0,0,0,0,0,0,4,1,0,0,0,0,0,0,0,3,5,0,3,5,0.0,0.0,2.0,0.0,2.0,0.0,2.0,1.0,1.0,0.0,0.0,0.0,0.0,2.0,2.0,0.0,1.0,2.0,2.0,2.0,2.0,2.0,2.0,2.0,2.0,0.0,0.0,1.0,3.0,0.0,1.0,1.0,1.0,1.0,1.0,1.0,1.0,1.0,3.0,3.0,1.0,1.0,2.0,1.0,1.0,0.0,1.0,4.0,4.0,3.0,2.0,2.0,4.0,2.0,2.0,2.0,1.0,2.0,3.0,4.0,0.0,0.0,0.0,0.0,0.0,0.0,0.0,2.0,0.0,1.0,0.0,0.0,0.0,0.0,0.0,0.0,0.0,1.0,2.0,3.0,0.0,3.0,0.0,0.0,0.0,0.0,3.0,1.0,1.0,1.0,1.0,1.0,1.0,1.0,1.0,0.0,0.0,0.0,0.0,0.0,1.0,1.0,1.0,1.0,1.0,0.0,0.0,0.0,0.0,0.0,1.0,1.0,1.0,1.0,1.0,4.0,0.0,0.0,3.0,0.0,2
FF4682,0,0,0,0,0,0,0,1,5,1,0,0,0,0,0,0,4,1,0,0,0,0,0,0,0,4,5,0,4,5,0.0,0.0,2.0,0.0,2.0,0.0,2.0,1.0,1.0,0.0,0.0,0.0,0.0,2.0,2.0,0.0,1.0,2.0,2.0,2.0,2.0,2.0,3.0,2.0,2.0,0.0,0.0,1.0,3.0,0.0,1.0,1.0,1.0,2.0,2.0,1.0,0.0,0.0,3.0,2.0,1.0,1.0,2.0,1.0,1.0,0.0,1.0,4.0,3.0,2.0,1.0,2.0,4.0,2.0,2.0,2.0,1.0,0.0,1.0,3.0,0.0,0.0,0.0,0.0,0.0,0.0,0.0,2.0,0.0,1.0,1.0,0.0,0.0,0.0,0.0,0.0,0.0,1.0,2.0,4.0,0.0,0.0,0.0,0.0,0.0,0.0,2.0,1.0,1.0,1.0,1.0,1.0,1.0,1.0,1.0,0.0,0.0,0.0,0.0,0.0,1.0,1.0,1.0,1.0,1.0,0.0,0.0,0.0,0.0,0.0,1.0,3.0,1.0,1.0,1.0,4.0,0.0,0.0,3.0,0.0,1
FF3661,0,0,0,0,0,2,5,1,5,1,0,0,0,0,0,3,2,2,2,2,0,0,0,0,0,2,5,0,2,5,0.0,0.0,1.0,0.0,1.0,0.0,2.0,1.0,1.0,0.0,0.0,0.0,0.0,1.0,1.0,0.0,2.0,2.0,2.0,3.0,1.0,1.0,1.0,1.0,1.0,0.0,0.0,3.0,3.0,0.0,1.0,1.0,0.0,0.0,1.0,1.0,2.0,1.0,2.0,2.0,0.0,0.0,1.0,0.0,0.0,2.0,1.0,4.0,5.0,4.0,1.0,1.0,2.0,1.0,1.0,3.0,2.0,3.0,4.0,4.0,0.0,0.0,0.0,0.0,0.0,0.0,0.0,2.0,0.0,1.0,0.0,0.0,0.0,0.0,0.0,0.0,0.0,1.0,2.0,1.0,0.0,3.0,0.0,0.0,1.0,0.0,3.0,1.0,1.0,3.0,0.0,0.0,0.0,0.0,0.0,0.0,0.0,0.0,0.0,0.0,0.0,0.0,0.0,0.0,0.0,0.0,0.0,0.0,0.0,0.0,0.0,0.0,0.0,0.0,0.0,4.0,0.0,0.0,3.0,0.0,1
FF3671,0,0,0,0,0,4,5,1,4,0,0,0,0,0,0,3,4,2,0,0,0,0,0,0,0,5,4,1,3,5,0.0,0.0,1.0,0.0,1.0,0.0,2.0,1.0,1.0,0.0,0.0,0.0,0.0,1.0,1.0,0.0,5.0,2.0,2.0,2.0,1.0,1.0,1.0,1.0,1.0,0.0,0.0,1.0,5.0,0.0,1.0,1.0,0.0,0.0,1.0,1.0,2.0,0.0,2.0,2.0,1.0,0.0,2.0,0.0,0.0,1.0,2.0,5.0,5.0,4.0,1.0,1.0,4.0,0.0,0.0,3.0,3.0,3.0,3.0,4.0,0.0,0.0,0.0,0.0,0.0,1.0,1.0,4.0,0.0,4.0,0.0,0.0,0.0,0.0,0.0,0.0,1.0,4.0,4.0,1.0,0.0,0.0,0.0,0.0,1.0,1.0,4.0,0.0,4.0,3.0,0.0,0.0,0.0,0.0,0.0,0.0,0.0,0.0,0.0,0.0,0.0,0.0,0.0,0.0,0.0,0.0,0.0,0.0,0.0,0.0,0.0,0.0,0.0,0.0,0.0,4.0,0.0,0.0,3.0,0.0,2
FF3681,0,0,0,0,0,4,5,3,5,1,0,0,0,0,0,5,4,3,4,5,0,0,0,0,0,5,5,1,4,5,0.0,0.0,2.0,0.0,2.0,0.0,2.0,1.0,1.0,0.0,0.0,0.0,0.0,3.0,3.0,0.0,5.0,2.0,2.0,3.0,5.0,3.0,5.0,2.0,2.0,0.0,0.0,3.0,5.0,0.0,3.0,1.0,1.0,2.0,2.0,1.0,4.0,1.0,2.0,3.0,2.0,1.0,1.0,1.0,2.0,4.0,4.0,3.0,3.0,3.0,3.0,4.0,4.0,4.0,3.0,4.0,4.0,4.0,3.0,2.0,1.0,2.0,1.0,1.0,1.0,1.0,1.0,2.0,0.0,2.0,1.0,1.0,2.0,1.0,1.0,0.0,1.0,2.0,2.0,3.0,1.0,1.0,1.0,1.0,2.0,1.0,2.0,1.0,1.0,1.0,1.0,1.0,1.0,1.0,1.0,0.0,0.0,2.0,2.0,3.0,1.0,1.0,1.0,1.0,1.0,0.0,2.0,0.0,0.0,0.0,1.0,3.0,2.0,1.0,1.0,4.0,0.0,0.0,2.0,0.0,4
FF4641,0,0,0,0,0,3,5,2,5,1,0,0,0,0,0,4,3,2,3,3,0,0,0,0,0,4,5,0,3,5,0.0,0.0,2.0,0.0,2.0,0.0,2.0,1.0,1.0,0.0,0.0,0.0,0.0,5.0,2.0,0.0,2.0,2.0,2.0,3.0,2.0,2.0,3.0,3.0,2.0,0.0,0.0,3.0,3.0,0.0,1.0,1.0,1.0,1.0,1.0,1.0,3.0,1.0,2.0,3.0,1.0,1.0,1.0,1.0,1.0,4.0,3.0,2.0,2.0,3.0,1.0,1.0,2.0,2.0,2.0,4.0,3.0,4.0,3.0,2.0,0.0,0.0,1.0,0.0,0.0,0.0,0.0,2.0,0.0,1.0,1.0,0.0,2.0,1.0,1.0,0.0,0.0,1.0,2.0,3.0,0.0,0.0,0.0,0.0,1.0,0.0,2.0,1.0,1.0,1.0,1.0,1.0,1.0,1.0,1.0,0.0,0.0,0.0,0.0,0.0,1.0,1.0,1.0,1.0,1.0,0.0,0.0,0.0,0.0,0.0,1.0,1.0,1.0,1.0,1.0,4.0,0.0,0.0,0.0,0.0,3
FF4651,0,0,0,0,0,3,5,2,5,1,0,0,0,0,0,3,3,2,2,3,0,0,0,0,0,4,5,0,3,5,0.0,0.0,2.0,0.0,3.0,0.0,2.0,1.0,1.0,0.0,0.0,0.0,0.0,4.0,2.0,0.0,2.0,2.0,2.0,3.0,2.0,2.0,3.0,2.0,2.0,0.0,0.0,3.0,3.0,0.0,1.0,1.0,1.0,1.0,1.0,1.0,3.0,1.0,3.0,3.0,1.0,1.0,1.0,1.0,1.0,4.0,2.0,3.0,2.0,3.0,1.0,2.0,3.0,3.0,4.0,3.0,3.0,3.0,3.0,2.0,0.0,0.0,1.0,0.0,0.0,0.0,0.0,2.0,1.0,1.0,1.0,0.0,2.0,1.0,1.0,2.0,0.0,1.0,2.0,3.0,0.0,0.0,0.0,0.0,1.0,0.0,2.0,1.0,1.0,1.0,1.0,1.0,1.0,1.0,1.0,0.0,0.0,0.0,0.0,0.0,1.0,1.0,1.0,1.0,1.0,0.0,0.0,0.0,0.0,0.0,1.0,2.0,1.0,1.0,1.0,4.0,0.0,0.0,2.0,0.0,3
FF4671,0,0,0,0,0,3,2,1,5,0,0,0,0,0,0,0,4,2,0,0,0,0,0,0,0,2,5,0,3,5,0.0,0.0,2.0,0.0,3.0,0.0,3.0,1.0,1.0,0.0,0.0,0.0,0.0,3.0,2.0,0.0,2.0,3.0,2.0,3.0,2.0,2.0,3.0,2.0,2.0,0.0,0.0,1.0,3.0,0.0,1.0,1.0,1.0,1.0,1.0,1.0,1.0,1.0,3.0,3.0,1.0,1.0,1.0,1.0,1.0,1.0,1.0,4.0,3.0,4.0,2.0,2.0,4.0,2.0,2.0,2.0,1.0,2.0,4.0,3.0,0.0,0.0,1.0,0.0,0.0,0.0,0.0,2.0,0.0,1.0,1.0,0.0,2.0,1.0,1.0,0.0,0.0,1.0,2.0,3.0,0.0,0.0,0.0,0.0,1.0,0.0,2.0,1.0,1.0,1.0,1.0,1.0,1.0,1.0,1.0,0.0,0.0,0.0,0.0,0.0,1.0,1.0,1.0,1.0,1.0,0.0,0.0,0.0,0.0,0.0,1.0,3.0,1.0,1.0,1.0,4.0,0.0,0.0,0.0,0.0,2
FF4681,0,0,0,0,0,2,1,1,5,1,0,0,0,0,0,1,2,2,2,2,0,0,0,0,0,1,5,0,2,5,0.0,0.0,1.0,0.0,1.0,0.0,2.0,1.0,1.0,0.0,0.0,0.0,0.0,3.0,1.0,0.0,2.0,2.0,2.0,3.0,1.0,1.0,1.0,1.0,1.0,0.0,0.0,3.0,3.0,0.0,0.0,1.0,0.0,0.0,1.0,1.0,2.0,1.0,3.0,4.0,0.0,0.0,1.0,0.0,1.0,1.0,2.0,3.0,4.0,4.0,0.0,1.0,2.0,1.0,1.0,3.0,2.0,3.0,4.0,3.0,0.0,0.0,0.0,0.0,0.0,0.0,0.0,2.0,1.0,1.0,0.0,0.0,0.0,0.0,0.0,1.0,0.0,1.0,1.0,1.0,0.0,0.0,0.0,0.0,1.0,0.0,1.0,1.0,1.0,1.0,0.0,0.0,0.0,0.0,0.0,0.0,0.0,0.0,0.0,0.0,0.0,0.0,0.0,0.0,0.0,0.0,0.0,0.0,0.0,0.0,0.0,0.0,0.0,0.0,0.0,4.0,0.0,0.0,3.0,0.0,1
FF4691,0,0,0,0,0,3,2,1,5,1,0,0,0,0,0,2,2,2,1,1,0,0,0,0,0,1,5,0,2,5,0.0,0.0,1.0,0.0,1.0,0.0,2.0,1.0,1.0,0.0,0.0,0.0,0.0,1.0,1.0,0.0,1.0,2.0,2.0,2.0,1.0,1.0,1.0,1.0,1.0,0.0,0.0,1.0,3.0,0.0,1.0,1.0,0.0,0.0,1.0,1.0,2.0,1.0,3.0,3.0,1.0,0.0,1.0,0.0,0.0,1.0,1.0,4.0,4.0,3.0,1.0,1.0,2.0,1.0,1.0,4.0,3.0,4.0,3.0,4.0,0.0,0.0,0.0,0.0,0.0,0.0,0.0,2.0,0.0,1.0,0.0,0.0,0.0,0.0,0.0,0.0,0.0,1.0,2.0,1.0,0.0,0.0,0.0,0.0,1.0,0.0,2.0,1.0,1.0,1.0,0.0,0.0,0.0,0.0,0.0,0.0,0.0,0.0,0.0,0.0,0.0,0.0,0.0,0.0,0.0,0.0,0.0,0.0,0.0,0.0,0.0,0.0,0.0,0.0,0.0,5.0,0.0,0.0,3.0,0.0,1
FF3660,0,0,0,0,0,4,5,1,3,0,0,0,0,0,0,0,4,2,0,0,0,0,0,0,0,1,4,0,3,5,0.0,0.0,1.0,0.0,1.0,0.0,2.0,1.0,1.0,0.0,0.0,0.0,0.0,1.0,1.0,0.0,1.0,2.0,2.0,2.0,1.0,1.0,1.0,1.0,1.0,0.0,0.0,1.0,3.0,0.0,1.0,1.0,0.0,0.0,1.0,1.0,1.0,0.0,2.0,2.0,0.0,0.0,1.0,0.0,0.0,1.0,1.0,3.0,5.0,3.0,1.0,1.0,3.0,0.0,0.0,2.0,3.0,2.0,3.0,4.0,0.0,0.0,0.0,0.0,0.0,0.0,0.0,2.0,0.0,1.0,0.0,0.0,0.0,0.0,0.0,0.0,0.0,1.0,2.0,1.0,0.0,0.0,0.0,0.0,1.0,0.0,2.0,0.0,1.0,1.0,0.0,0.0,0.0,0.0,0.0,0.0,0.0,0.0,0.0,0.0,0.0,0.0,0.0,0.0,0.0,0.0,0.0,0.0,0.0,0.0,0.0,0.0,0.0,0.0,0.0,4.0,0.0,0.0,0.0,0.0,0
FF3670,0,0,0,0,0,4,5,2,3,0,0,0,0,0,0,0,4,2,0,0,0,0,0,0,0,2,3,0,4,5,0.0,0.0,1.0,0.0,2.0,0.0,2.0,1.0,1.0,0.0,0.0,0.0,0.0,2.0,2.0,0.0,1.0,2.0,2.0,2.0,3.0,4.0,4.0,2.0,2.0,0.0,0.0,1.0,3.0,0.0,1.0,1.0,1.0,1.0,1.0,1.0,2.0,0.0,2.0,2.0,1.0,1.0,2.0,1.0,3.0,1.0,1.0,4.0,4.0,2.0,1.0,2.0,4.0,2.0,2.0,2.0,3.0,2.0,2.0,4.0,0.0,0.0,0.0,0.0,0.0,0.0,0.0,2.0,0.0,1.0,0.0,0.0,0.0,0.0,0.0,0.0,0.0,1.0,2.0,4.0,0.0,3.0,0.0,0.0,1.0,0.0,3.0,0.0,1.0,3.0,0.0,0.0,0.0,0.0,0.0,0.0,0.0,0.0,0.0,0.0,0.0,0.0,0.0,0.0,0.0,0.0,0.0,0.0,0.0,0.0,0.0,0.0,0.0,0.0,0.0,4.0,0.0,0.0,0.0,0.0,1
FF3690,0,0,0,0,0,4,2,1,5,1,0,0,0,0,0,3,4,2,4,4,0,0,0,0,0,5,5,1,1,5,0.0,0.0,2.0,0.0,2.0,0.0,3.0,1.0,1.0,0.0,0.0,0.0,0.0,3.0,2.0,0.0,2.0,3.0,2.0,3.0,2.0,2.0,3.0,2.0,2.0,0.0,0.0,3.0,3.0,0.0,1.0,1.0,1.0,1.0,1.0,1.0,2.0,1.0,2.0,2.0,1.0,1.0,1.0,1.0,1.0,2.0,2.0,2.0,2.0,2.0,2.0,3.0,4.0,4.0,4.0,3.0,2.0,3.0,2.0,2.0,1.0,2.0,1.0,1.0,0.0,1.0,1.0,2.0,1.0,2.0,1.0,1.0,2.0,1.0,1.0,1.0,1.0,2.0,2.0,3.0,1.0,1.0,1.0,1.0,2.0,1.0,2.0,1.0,1.0,1.0,1.0,1.0,1.0,1.0,1.0,0.0,0.0,0.0,2.0,2.0,1.0,1.0,1.0,1.0,1.0,0.0,0.0,0.0,0.0,0.0,1.0,3.0,1.0,1.0,1.0,3.0,0.0,0.0,0.0,0.0,4
FF4600,0,0,0,0,0,2,1,1,5,1,0,0,0,0,0,2,2,3,3,2,0,0,0,0,0,4,5,1,2,5,0.0,0.0,2.0,0.0,2.0,0.0,2.0,1.0,1.0,0.0,0.0,0.0,0.0,3.0,3.0,0.0,2.0,2.0,5.0,3.0,2.0,2.0,5.0,2.0,2.0,0.0,0.0,3.0,5.0,0.0,3.0,1.0,1.0,1.0,2.0,1.0,4.0,1.0,3.0,4.0,1.0,1.0,1.0,1.0,3.0,4.0,3.0,2.0,3.0,3.0,1.0,3.0,4.0,5.0,3.0,4.0,4.0,4.0,3.0,2.0,0.0,0.0,1.0,0.0,0.0,1.0,1.0,2.0,1.0,3.0,1.0,0.0,2.0,1.0,1.0,1.0,1.0,3.0,3.0,1.0,0.0,3.0,0.0,0.0,1.0,1.0,3.0,2.0,2.0,3.0,1.0,1.0,1.0,1.0,1.0,0.0,0.0,0.0,2.0,2.0,1.0,1.0,1.0,1.0,1.0,0.0,0.0,0.0,0.0,0.0,1.0,1.0,1.0,1.0,1.0,4.0,0.0,0.0,0.0,0.0,4
FF4650,0,0,0,0,0,3,5,2,5,1,0,0,0,0,0,3,4,2,2,2,0,0,0,0,0,2,5,0,4,5,0.0,0.0,2.0,0.0,2.0,0.0,2.0,1.0,1.0,0.0,0.0,0.0,0.0,3.0,2.0,0.0,2.0,2.0,2.0,3.0,2.0,2.0,3.0,2.0,2.0,0.0,0.0,3.0,3.0,0.0,1.0,1.0,1.0,1.0,1.0,1.0,2.0,1.0,4.0,4.0,1.0,1.0,1.0,1.0,1.0,3.0,2.0,3.0,3.0,3.0,1.0,2.0,3.0,2.0,2.0,3.0,2.0,3.0,2.0,3.0,0.0,0.0,1.0,0.0,0.0,0.0,0.0,4.0,0.0,1.0,1.0,0.0,0.0,1.0,1.0,0.0,0.0,1.0,2.0,3.0,0.0,0.0,0.0,0.0,1.0,0.0,2.0,1.0,1.0,1.0,1.0,1.0,1.0,1.0,1.0,0.0,0.0,0.0,0.0,0.0,1.0,1.0,1.0,1.0,1.0,0.0,0.0,0.0,0.0,0.0,1.0,1.0,1.0,1.0,1.0,4.0,0.0,0.0,3.0,0.0,3
FF4660,0,0,0,0,0,3,4,1,5,1,0,0,0,0,0,2,2,2,2,2,0,0,0,0,0,1,5,0,3,5,0.0,0.0,1.0,0.0,2.0,0.0,2.0,1.0,1.0,0.0,0.0,0.0,0.0,3.0,2.0,0.0,2.0,2.0,2.0,3.0,2.0,2.0,3.0,2.0,2.0,0.0,0.0,3.0,3.0,0.0,1.0,1.0,1.0,1.0,1.0,1.0,2.0,1.0,3.0,4.0,1.0,1.0,1.0,1.0,1.0,2.0,1.0,2.0,3.0,3.0,1.0,1.0,2.0,2.0,2.0,3.0,2.0,3.0,3.0,3.0,0.0,0.0,1.0,0.0,0.0,0.0,0.0,2.0,0.0,1.0,1.0,0.0,2.0,1.0,1.0,0.0,0.0,1.0,2.0,1.0,0.0,0.0,0.0,0.0,1.0,0.0,2.0,1.0,1.0,1.0,0.0,0.0,0.0,0.0,0.0,0.0,0.0,0.0,0.0,0.0,0.0,0.0,0.0,0.0,0.0,0.0,0.0,0.0,0.0,0.0,0.0,0.0,0.0,0.0,0.0,4.0,0.0,0.0,2.0,0.0,2
FF4670,0,0,0,0,0,2,2,1,5,1,0,0,0,0,0,1,2,2,2,2,0,0,0,0,0,2,5,0,4,5,0.0,0.0,2.0,0.0,3.0,0.0,3.0,1.0,1.0,0.0,0.0,0.0,0.0,3.0,2.0,0.0,2.0,3.0,2.0,3.0,2.0,2.0,2.0,2.0,2.0,0.0,0.0,3.0,3.0,0.0,1.0,1.0,1.0,1.0,1.0,1.0,1.0,2.0,3.0,3.0,1.0,1.0,1.0,1.0,1.0,2.0,2.0,1.0,2.0,3.0,1.0,1.0,2.0,2.0,2.0,2.0,1.0,2.0,3.0,2.0,0.0,0.0,1.0,0.0,0.0,0.0,0.0,2.0,0.0,1.0,1.0,0.0,2.0,1.0,1.0,0.0,0.0,1.0,1.0,1.0,0.0,0.0,0.0,0.0,1.0,0.0,1.0,1.0,1.0,1.0,1.0,1.0,1.0,1.0,1.0,0.0,0.0,0.0,0.0,0.0,1.0,1.0,1.0,1.0,1.0,0.0,2.0,0.0,0.0,0.0,1.0,1.0,1.0,1.0,1.0,4.0,0.0,0.0,2.0,0.0,2
FF4680,0,0,0,0,0,2,2,1,5,1,0,0,0,0,0,1,3,2,2,2,0,0,0,0,0,1,5,0,2,5,0.0,0.0,1.0,0.0,3.0,0.0,2.0,1.0,1.0,0.0,0.0,0.0,0.0,3.0,2.0,0.0,2.0,2.0,2.0,3.0,2.0,2.0,2.0,2.0,2.0,0.0,0.0,3.0,3.0,0.0,1.0,1.0,1.0,1.0,1.0,1.0,1.0,1.0,5.0,5.0,1.0,1.0,1.0,1.0,1.0,1.0,1.0,2.0,3.0,3.0,1.0,2.0,3.0,1.0,2.0,2.0,3.0,2.0,3.0,4.0,0.0,0.0,0.0,0.0,0.0,0.0,0.0,2.0,0.0,1.0,0.0,0.0,0.0,0.0,0.0,0.0,0.0,1.0,1.0,3.0,0.0,0.0,0.0,0.0,1.0,0.0,1.0,1.0,0.0,1.0,0.0,0.0,0.0,0.0,0.0,0.0,0.0,0.0,0.0,0.0,0.0,0.0,0.0,0.0,0.0,0.0,0.0,0.0,0.0,0.0,0.0,0.0,0.0,0.0,0.0,4.0,0.0,0.0,3.0,0.0,1
FF4690,0,0,0,0,0,2,1,1,5,1,0,0,0,0,0,2,2,2,2,2,0,0,0,0,0,2,5,0,2,5,0.0,0.0,1.0,0.0,1.0,0.0,2.0,1.0,1.0,0.0,0.0,0.0,0.0,3.0,1.0,0.0,2.0,2.0,2.0,3.0,1.0,1.0,2.0,1.0,1.0,0.0,0.0,3.0,3.0,0.0,1.0,1.0,0.0,1.0,1.0,1.0,3.0,1.0,3.0,4.0,1.0,0.0,1.0,0.0,0.0,2.0,2.0,4.0,4.0,3.0,1.0,1.0,2.0,1.0,1.0,4.0,3.0,4.0,3.0,4.0,0.0,0.0,0.0,0.0,0.0,0.0,0.0,2.0,0.0,1.0,0.0,0.0,0.0,0.0,0.0,0.0,0.0,1.0,2.0,1.0,0.0,3.0,0.0,0.0,1.0,0.0,3.0,1.0,1.0,3.0,0.0,0.0,0.0,0.0,0.0,0.0,0.0,0.0,0.0,0.0,0.0,0.0,0.0,0.0,0.0,0.0,0.0,0.0,0.0,0.0,0.0,0.0,0.0,0.0,0.0,4.0,0.0,0.0,3.0,0.0,1
FF3569,0,0,0,0,0,4,4,3,2,0,0,0,0,0,0,3,4,2,1,1,0,0,0,0,0,1,2,0,5,5,0.0,0.0,1.0,0.0,3.0,0.0,2.0,1.0,1.0,0.0,0.0,0.0,0.0,3.0,2.0,0.0,1.0,2.0,2.0,2.0,2.0,2.0,3.0,2.0,3.0,0.0,0.0,1.0,3.0,0.0,1.0,1.0,1.0,1.0,1.0,1.0,1.0,0.0,3.0,3.0,1.0,1.0,2.0,1.0,1.0,1.0,1.0,3.0,4.0,2.0,1.0,2.0,3.0,1.0,2.0,1.0,1.0,1.0,2.0,4.0,0.0,0.0,0.0,0.0,0.0,0.0,0.0,2.0,0.0,1.0,0.0,0.0,0.0,0.0,0.0,0.0,0.0,1.0,1.0,4.0,0.0,0.0,0.0,0.0,1.0,0.0,1.0,0.0,1.0,1.0,0.0,0.0,0.0,0.0,0.0,0.0,0.0,0.0,0.0,0.0,0.0,0.0,0.0,0.0,0.0,0.0,0.0,0.0,0.0,0.0,0.0,0.0,0.0,0.0,0.0,4.0,0.0,0.0,0.0,0.0,1
FF3579,0,0,0,0,0,4,5,1,3,0,0,0,0,0,0,0,4,2,0,0,0,0,0,0,0,1,3,0,5,5,0.0,0.0,2.0,0.0,2.0,0.0,2.0,1.0,1.0,0.0,0.0,0.0,0.0,3.0,3.0,0.0,1.0,2.0,2.0,2.0,4.0,5.0,4.0,3.0,2.0,0.0,0.0,1.0,3.0,0.0,1.0,1.0,1.0,1.0,1.0,1.0,1.0,1.0,3.0,3.0,1.0,1.0,1.0,3.0,3.0,1.0,1.0,1.0,3.0,3.0,2.0,3.0,3.0,3.0,2.0,1.0,1.0,1.0,2.0,3.0,0.0,0.0,1.0,0.0,0.0,0.0,0.0,2.0,0.0,1.0,1.0,0.0,2.0,1.0,1.0,0.0,0.0,1.0,1.0,3.0,0.0,0.0,0.0,0.0,1.0,0.0,1.0,0.0,1.0,1.0,0.0,0.0,0.0,0.0,0.0,0.0,0.0,0.0,0.0,0.0,0.0,0.0,0.0,0.0,0.0,0.0,0.0,0.0,0.0,0.0,0.0,0.0,0.0,0.0,0.0,3.0,0.0,0.0,0.0,0.0,2
FF3599,0,0,0,0,0,4,3,1,5,0,0,0,0,0,0,0,4,2,0,0,0,0,0,0,0,2,5,0,3,5,0.0,0.0,1.0,0.0,2.0,0.0,2.0,1.0,1.0,0.0,0.0,0.0,0.0,4.0,2.0,0.0,1.0,2.0,2.0,2.0,2.0,2.0,3.0,2.0,2.0,0.0,0.0,1.0,3.0,0.0,1.0,1.0,1.0,1.0,1.0,1.0,2.0,1.0,3.0,3.0,1.0,1.0,1.0,1.0,1.0,1.0,1.0,3.0,3.0,4.0,1.0,2.0,3.0,2.0,4.0,2.0,2.0,2.0,4.0,3.0,0.0,0.0,1.0,0.0,0.0,0.0,0.0,2.0,0.0,1.0,1.0,0.0,2.0,1.0,1.0,0.0,0.0,1.0,1.0,3.0,0.0,0.0,0.0,0.0,1.0,0.0,1.0,1.0,1.0,1.0,0.0,0.0,0.0,0.0,0.0,0.0,0.0,0.0,0.0,0.0,0.0,0.0,0.0,0.0,0.0,0.0,0.0,0.0,0.0,0.0,0.0,0.0,0.0,0.0,0.0,4.0,0.0,0.0,3.0,0.0,2
FF4509,0,0,0,0,0,3,1,1,4,1,0,0,0,0,0,3,2,2,3,3,0,0,0,0,0,3,4,1,3,5,0.0,0.0,1.0,0.0,1.0,0.0,2.0,1.0,1.0,0.0,0.0,0.0,0.0,3.0,1.0,0.0,2.0,2.0,5.0,3.0,1.0,1.0,2.0,1.0,1.0,0.0,0.0,3.0,5.0,0.0,1.0,1.0,0.0,1.0,1.0,1.0,2.0,1.0,5.0,5.0,0.0,0.0,2.0,0.0,0.0,2.0,2.0,3.0,4.0,3.0,1.0,1.0,2.0,1.0,1.0,3.0,3.0,3.0,3.0,3.0,0.0,0.0,0.0,0.0,0.0,1.0,1.0,2.0,0.0,3.0,0.0,0.0,0.0,0.0,0.0,0.0,1.0,3.0,3.0,1.0,0.0,3.0,0.0,0.0,1.0,1.0,3.0,0.0,2.0,3.0,0.0,0.0,0.0,0.0,0.0,0.0,0.0,0.0,0.0,0.0,0.0,0.0,0.0,0.0,0.0,0.0,0.0,0.0,0.0,0.0,0.0,0.0,0.0,0.0,0.0,3.0,0.0,0.0,3.0,0.0,2
FF4519,0,0,0,0,0,4,1,1,5,1,0,0,0,0,0,3,3,2,3,4,0,0,0,0,0,4,5,0,4,5,0.0,0.0,1.0,0.0,2.0,0.0,2.0,1.0,1.0,0.0,0.0,0.0,0.0,4.0,3.0,0.0,2.0,2.0,5.0,3.0,2.0,2.0,5.0,3.0,2.0,0.0,0.0,3.0,5.0,0.0,1.0,1.0,0.0,1.0,1.0,1.0,3.0,1.0,3.0,4.0,1.0,1.0,1.0,1.0,3.0,3.0,2.0,3.0,3.0,3.0,1.0,1.0,3.0,2.0,2.0,4.0,3.0,4.0,3.0,3.0,0.0,0.0,0.0,0.0,0.0,0.0,0.0,2.0,0.0,4.0,0.0,0.0,0.0,0.0,0.0,0.0,0.0,4.0,4.0,1.0,0.0,0.0,0.0,0.0,1.0,0.0,4.0,1.0,3.0,3.0,1.0,1.0,1.0,1.0,1.0,0.0,0.0,0.0,2.0,2.0,1.0,1.0,1.0,1.0,1.0,0.0,0.0,0.0,0.0,0.0,1.0,1.0,1.0,1.0,1.0,4.0,0.0,0.0,0.0,0.0,3
FF3598,0,0,0,0,0,4,4,2,3,0,0,0,0,0,0,0,5,2,0,0,0,0,0,0,0,1,4,0,5,5,0.0,0.0,2.0,0.0,2.0,0.0,2.0,1.0,1.0,0.0,0.0,0.0,0.0,4.0,2.0,0.0,1.0,2.0,2.0,2.0,2.0,2.0,3.0,2.0,2.0,0.0,0.0,1.0,3.0,0.0,1.0,1.0,1.0,1.0,1.0,1.0,1.0,0.0,3.0,2.0,1.0,1.0,2.0,1.0,1.0,1.0,1.0,3.0,3.0,3.0,1.0,2.0,3.0,3.0,4.0,1.0,2.0,1.0,3.0,3.0,0.0,4.0,3.0,0.0,0.0,0.0,0.0,2.0,0.0,1.0,1.0,0.0,2.0,1.0,1.0,0.0,0.0,1.0,1.0,4.0,0.0,0.0,0.0,0.0,1.0,0.0,1.0,0.0,1.0,1.0,1.0,1.0,1.0,1.0,1.0,0.0,0.0,0.0,0.0,0.0,1.0,1.0,1.0,1.0,1.0,0.0,0.0,0.0,0.0,0.0,1.0,1.0,1.0,1.0,1.0,4.0,0.0,0.0,3.0,0.0,3
FF4508,0,0,0,0,0,4,3,1,3,1,0,0,0,0,0,2,4,2,1,1,0,0,0,0,0,1,4,0,5,5,0.0,0.0,1.0,0.0,1.0,0.0,2.0,1.0,1.0,0.0,0.0,0.0,0.0,1.0,1.0,0.0,1.0,2.0,2.0,2.0,1.0,1.0,2.0,1.0,1.0,0.0,0.0,1.0,3.0,0.0,1.0,1.0,0.0,1.0,1.0,1.0,2.0,1.0,3.0,3.0,0.0,0.0,2.0,0.0,0.0,2.0,3.0,4.0,4.0,3.0,1.0,1.0,3.0,1.0,1.0,3.0,3.0,3.0,3.0,4.0,0.0,0.0,0.0,0.0,0.0,0.0,0.0,2.0,0.0,1.0,0.0,0.0,0.0,0.0,0.0,0.0,0.0,1.0,2.0,1.0,0.0,0.0,0.0,0.0,1.0,0.0,2.0,0.0,1.0,1.0,0.0,0.0,0.0,0.0,0.0,0.0,0.0,0.0,0.0,0.0,0.0,0.0,0.0,0.0,0.0,0.0,0.0,0.0,0.0,0.0,0.0,0.0,0.0,0.0,0.0,4.0,0.0,0.0,3.0,0.0,1
FF4518,0,0,0,0,0,3,1,1,5,1,0,0,0,0,0,1,2,3,3,2,0,0,0,0,0,3,5,0,5,5,0.0,0.0,1.0,0.0,1.0,0.0,2.0,1.0,1.0,0.0,0.0,0.0,0.0,3.0,1.0,0.0,2.0,2.0,2.0,3.0,1.0,1.0,5.0,1.0,1.0,0.0,0.0,3.0,5.0,0.0,1.0,1.0,0.0,0.0,1.0,1.0,3.0,1.0,3.0,4.0,1.0,0.0,1.0,0.0,0.0,3.0,2.0,3.0,4.0,3.0,1.0,1.0,2.0,1.0,1.0,4.0,3.0,4.0,3.0,3.0,0.0,0.0,0.0,0.0,0.0,0.0,0.0,2.0,0.0,4.0,0.0,0.0,0.0,0.0,0.0,0.0,0.0,4.0,4.0,1.0,0.0,0.0,0.0,0.0,1.0,0.0,4.0,1.0,3.0,3.0,0.0,0.0,0.0,0.0,0.0,0.0,0.0,0.0,2.0,2.0,0.0,0.0,0.0,0.0,0.0,0.0,0.0,0.0,0.0,0.0,0.0,0.0,0.0,0.0,0.0,3.0,0.0,0.0,0.0,0.0,2
FF4568,0,0,0,0,0,4,5,2,5,1,0,0,0,0,0,3,3,2,2,2,0,0,0,0,0,3,5,0,2,4,0.0,0.0,2.0,0.0,2.0,0.0,2.0,1.0,1.0,0.0,0.0,0.0,0.0,3.0,2.0,0.0,2.0,2.0,2.0,3.0,2.0,2.0,3.0,2.0,2.0,0.0,0.0,3.0,3.0,0.0,1.0,1.0,1.0,1.0,1.0,1.0,2.0,1.0,3.0,3.0,1.0,1.0,1.0,1.0,1.0,3.0,3.0,2.0,2.0,3.0,1.0,2.0,3.0,3.0,4.0,3.0,2.0,3.0,4.0,2.0,0.0,0.0,1.0,0.0,0.0,0.0,0.0,2.0,0.0,1.0,1.0,0.0,2.0,1.0,1.0,0.0,0.0,1.0,1.0,3.0,0.0,0.0,0.0,0.0,1.0,0.0,1.0,1.0,1.0,1.0,1.0,1.0,1.0,1.0,1.0,0.0,0.0,0.0,0.0,0.0,1.0,1.0,1.0,1.0,1.0,0.0,0.0,0.0,0.0,0.0,1.0,1.0,1.0,1.0,1.0,3.0,0.0,0.0,0.0,0.0,3
FF3577,0,0,0,0,0,3,2,3,3,0,0,0,0,0,0,2,3,2,0,0,0,0,0,0,0,1,5,0,5,5,0.0,0.0,1.0,0.0,2.0,0.0,2.0,1.0,1.0,0.0,0.0,0.0,0.0,5.0,2.0,0.0,1.0,2.0,2.0,2.0,2.0,2.0,3.0,2.0,2.0,0.0,0.0,1.0,3.0,0.0,1.0,1.0,1.0,1.0,1.0,1.0,2.0,1.0,3.0,3.0,1.0,1.0,2.0,1.0,1.0,2.0,2.0,4.0,3.0,4.0,1.0,1.0,2.0,2.0,2.0,3.0,2.0,3.0,4.0,4.0,0.0,0.0,0.0,0.0,0.0,0.0,0.0,2.0,0.0,1.0,0.0,0.0,0.0,0.0,0.0,0.0,0.0,1.0,2.0,3.0,0.0,0.0,0.0,0.0,1.0,0.0,2.0,0.0,1.0,1.0,0.0,0.0,0.0,0.0,0.0,0.0,0.0,0.0,0.0,0.0,0.0,0.0,0.0,0.0,0.0,0.0,0.0,0.0,0.0,0.0,0.0,0.0,0.0,0.0,0.0,3.0,0.0,0.0,2.0,0.0,1
FF4507,0,0,0,0,0,3,2,2,5,1,0,0,0,0,0,2,2,2,1,1,0,0,0,0,0,1,5,0,5,5,0.0,0.0,1.0,0.0,1.0,0.0,2.0,1.0,1.0,0.0,0.0,0.0,0.0,3.0,1.0,0.0,1.0,2.0,2.0,2.0,3.0,3.0,2.0,1.0,1.0,0.0,0.0,1.0,3.0,0.0,1.0,1.0,0.0,0.0,1.0,1.0,3.0,1.0,3.0,4.0,1.0,0.0,1.0,0.0,0.0,3.0,2.0,2.0,4.0,4.0,1.0,1.0,3.0,1.0,2.0,3.0,3.0,3.0,4.0,3.0,0.0,0.0,0.0,0.0,0.0,0.0,0.0,2.0,0.0,1.0,0.0,0.0,0.0,0.0,0.0,0.0,0.0,1.0,2.0,1.0,0.0,0.0,0.0,0.0,1.0,0.0,2.0,1.0,1.0,1.0,0.0,0.0,0.0,0.0,0.0,0.0,0.0,0.0,0.0,0.0,0.0,0.0,0.0,0.0,0.0,0.0,0.0,0.0,0.0,0.0,0.0,0.0,0.0,0.0,0.0,4.0,0.0,0.0,0.0,0.0,1
FF4517,0,0,0,0,0,2,2,1,5,1,0,0,0,0,0,3,1,2,4,4,0,0,0,0,0,1,5,0,5,5,0.0,0.0,1.0,0.0,1.0,0.0,2.0,1.0,1.0,0.0,0.0,0.0,0.0,3.0,1.0,0.0,2.0,2.0,2.0,3.0,1.0,1.0,2.0,1.0,1.0,0.0,0.0,3.0,5.0,0.0,1.0,1.0,0.0,0.0,1.0,1.0,3.0,2.0,3.0,4.0,1.0,0.0,2.0,0.0,0.0,1.0,2.0,4.0,4.0,3.0,1.0,1.0,1.0,1.0,1.0,4.0,3.0,4.0,3.0,4.0,0.0,0.0,0.0,0.0,0.0,0.0,0.0,2.0,0.0,2.0,0.0,0.0,0.0,0.0,0.0,0.0,0.0,2.0,2.0,1.0,0.0,0.0,0.0,0.0,1.0,0.0,2.0,1.0,1.0,1.0,0.0,0.0,0.0,0.0,0.0,0.0,0.0,0.0,0.0,0.0,0.0,0.0,0.0,0.0,0.0,0.0,0.0,0.0,0.0,0.0,0.0,0.0,0.0,0.0,0.0,3.0,0.0,0.0,0.0,0.0,1
FF4527,0,0,0,0,1,3,2,1,3,0,1,0,0,2,2,0,3,3,0,0,0,0,0,0,0,4,3,0,5,5,0.0,0.0,2.0,0.0,2.0,0.0,2.0,1.0,1.0,0.0,0.0,0.0,0.0,3.0,3.0,0.0,2.0,2.0,2.0,3.0,2.0,2.0,5.0,2.0,2.0,0.0,0.0,3.0,5.0,0.0,1.0,1.0,1.0,1.0,1.0,1.0,2.0,1.0,2.0,3.0,1.0,1.0,1.0,1.0,3.0,2.0,2.0,2.0,3.0,3.0,1.0,2.0,4.0,3.0,2.0,3.0,3.0,3.0,3.0,2.0,0.0,0.0,1.0,0.0,0.0,0.0,0.0,2.0,0.0,3.0,1.0,0.0,2.0,1.0,1.0,0.0,0.0,3.0,3.0,3.0,0.0,3.0,0.0,0.0,1.0,0.0,3.0,0.0,2.0,3.0,1.0,1.0,1.0,1.0,1.0,0.0,0.0,0.0,0.0,0.0,1.0,1.0,1.0,1.0,1.0,0.0,0.0,0.0,0.0,0.0,1.0,1.0,1.0,1.0,1.0,4.0,0.0,0.0,2.0,0.0,3
FF4537,0,0,0,0,0,3,3,1,3,1,0,0,0,0,0,1,4,2,1,1,0,0,0,0,0,1,4,0,5,5,0.0,0.0,1.0,0.0,1.0,0.0,2.0,1.0,1.0,0.0,0.0,0.0,0.0,3.0,1.0,0.0,2.0,2.0,2.0,3.0,2.0,3.0,5.0,1.0,1.0,0.0,0.0,3.0,3.0,0.0,1.0,1.0,0.0,1.0,1.0,1.0,2.0,1.0,2.0,3.0,1.0,1.0,1.0,1.0,3.0,3.0,3.0,2.0,4.0,3.0,1.0,1.0,3.0,1.0,1.0,3.0,3.0,3.0,3.0,4.0,0.0,0.0,0.0,0.0,0.0,0.0,0.0,2.0,0.0,1.0,0.0,0.0,0.0,0.0,0.0,0.0,0.0,1.0,1.0,1.0,0.0,0.0,0.0,0.0,1.0,0.0,1.0,0.0,1.0,1.0,0.0,0.0,0.0,0.0,0.0,0.0,0.0,0.0,0.0,0.0,0.0,0.0,0.0,0.0,0.0,0.0,0.0,0.0,0.0,0.0,0.0,0.0,0.0,0.0,0.0,4.0,0.0,0.0,3.0,0.0,1
FF4547,0,0,0,0,0,3,5,2,4,1,0,0,0,0,0,3,3,2,2,2,0,0,0,0,0,2,4,0,5,4,0.0,0.0,1.0,0.0,1.0,0.0,2.0,1.0,1.0,0.0,0.0,0.0,0.0,3.0,1.0,0.0,2.0,2.0,2.0,3.0,2.0,1.0,2.0,1.0,1.0,0.0,0.0,3.0,3.0,0.0,1.0,1.0,0.0,1.0,1.0,1.0,2.0,1.0,4.0,4.0,1.0,1.0,1.0,1.0,1.0,3.0,2.0,4.0,4.0,3.0,1.0,1.0,4.0,1.0,1.0,3.0,3.0,3.0,2.0,4.0,0.0,0.0,0.0,0.0,0.0,0.0,0.0,2.0,0.0,1.0,0.0,0.0,0.0,0.0,0.0,0.0,0.0,1.0,2.0,1.0,0.0,3.0,0.0,0.0,1.0,0.0,3.0,0.0,1.0,3.0,0.0,0.0,0.0,0.0,0.0,0.0,0.0,0.0,0.0,0.0,0.0,0.0,0.0,0.0,0.0,0.0,2.0,0.0,0.0,0.0,0.0,0.0,0.0,0.0,0.0,4.0,0.0,0.0,3.0,0.0,2
FF4557,0,0,0,0,0,3,5,2,5,1,0,0,0,0,0,3,3,2,3,3,0,0,0,0,0,3,5,0,5,4,0.0,0.0,2.0,0.0,2.0,0.0,2.0,1.0,1.0,0.0,0.0,0.0,0.0,3.0,2.0,0.0,2.0,2.0,2.0,3.0,2.0,3.0,3.0,2.0,2.0,0.0,0.0,3.0,3.0,0.0,1.0,1.0,1.0,1.0,1.0,1.0,3.0,1.0,3.0,3.0,1.0,1.0,1.0,1.0,2.0,2.0,2.0,3.0,3.0,3.0,1.0,1.0,2.0,3.0,3.0,4.0,3.0,4.0,3.0,3.0,0.0,0.0,1.0,0.0,0.0,0.0,0.0,2.0,0.0,1.0,1.0,0.0,0.0,1.0,1.0,0.0,0.0,1.0,2.0,3.0,0.0,0.0,0.0,0.0,1.0,0.0,2.0,1.0,1.0,1.0,1.0,1.0,1.0,1.0,1.0,0.0,0.0,0.0,0.0,0.0,1.0,1.0,1.0,1.0,1.0,0.0,0.0,0.0,0.0,0.0,1.0,1.0,1.0,1.0,1.0,3.0,0.0,0.0,2.0,0.0,3
FF4567,0,0,0,0,0,3,5,2,5,1,0,0,0,0,0,2,3,2,1,1,0,0,0,0,0,3,5,0,4,4,0.0,0.0,2.0,0.0,2.0,0.0,2.0,1.0,1.0,0.0,0.0,0.0,0.0,3.0,2.0,0.0,1.0,2.0,2.0,2.0,2.0,2.0,3.0,2.0,2.0,0.0,0.0,1.0,3.0,0.0,1.0,1.0,1.0,1.0,1.0,1.0,2.0,2.0,3.0,3.0,1.0,1.0,1.0,1.0,1.0,3.0,2.0,1.0,2.0,3.0,1.0,2.0,2.0,3.0,4.0,3.0,2.0,3.0,3.0,2.0,1.0,2.0,1.0,0.0,0.0,0.0,0.0,2.0,0.0,1.0,0.0,0.0,0.0,0.0,0.0,0.0,0.0,1.0,1.0,3.0,0.0,0.0,0.0,0.0,2.0,0.0,1.0,1.0,1.0,1.0,1.0,1.0,1.0,1.0,1.0,0.0,0.0,0.0,0.0,0.0,1.0,1.0,1.0,1.0,1.0,0.0,0.0,0.0,0.0,0.0,1.0,1.0,1.0,1.0,1.0,3.0,0.0,0.0,0.0,0.0,3
FF4577,0,0,0,0,0,3,5,2,5,1,0,0,0,0,0,3,2,2,1,1,0,0,0,0,0,2,5,0,4,4,0.0,0.0,2.0,0.0,2.0,0.0,2.0,1.0,1.0,0.0,0.0,0.0,0.0,2.0,2.0,0.0,1.0,2.0,2.0,2.0,2.0,2.0,3.0,2.0,2.0,0.0,0.0,1.0,3.0,0.0,1.0,1.0,1.0,1.0,1.0,1.0,2.0,1.0,3.0,3.0,1.0,1.0,1.0,1.0,1.0,2.0,2.0,1.0,2.0,3.0,1.0,1.0,2.0,3.0,3.0,2.0,2.0,2.0,3.0,2.0,0.0,0.0,1.0,0.0,0.0,0.0,0.0,4.0,0.0,1.0,1.0,0.0,0.0,1.0,1.0,0.0,0.0,1.0,2.0,1.0,0.0,0.0,0.0,0.0,1.0,0.0,2.0,1.0,1.0,1.0,1.0,1.0,1.0,1.0,1.0,0.0,0.0,0.0,0.0,0.0,1.0,1.0,1.0,1.0,1.0,0.0,0.0,0.0,0.0,0.0,1.0,1.0,1.0,1.0,1.0,3.0,0.0,0.0,0.0,0.0,2
