Name,R3W1_LS,R3W2_LS,R3W3_LS,R3W4_LS,R3W5_LS,R3W1_NL,R3W2_NL,R3W3_NL,R3W4_NL,R3W5_NL,R2W1_LS,R2W2_LS,R2W3_LS,R2W4_LS,R2W5_LS,R2W1_NL,R2W2_NL,R2W3_NL,R2W4_NL,R2W5_NL,R1W1_LS,R1W2_LS,R1W3_LS,R1W4_LS,R1W5_LS,R1W1_NL,R1W2_NL,R1W3_NL,R1W4_NL,R1W5_NL,wynik
FF3794,0,0,0,0,0,0,5,2,5,1,0,0,0,0,0,5,1,2,2,1,0,0,0,0,0,5,2,4,1,2, 0
FF4704,0,0,0,0,0,2,5,2,5,1,0,0,0,0,0,4,1,2,2,0,0,0,0,0,0,5,2,5,3,1, 0
FF4714,0,0,0,0,0,2,5,2,5,1,0,0,0,0,0,5,1,2,1,1,0,0,0,0,0,5,1,5,4,1, 1
FF3783,0,0,0,0,0,0,5,1,5,1,0,0,0,0,0,5,1,1,2,0,0,0,0,0,0,5,1,3,1,4, 0
FF3793,0,0,0,0,0,0,5,1,5,1,0,0,0,0,0,5,1,1,2,0,0,0,0,0,0,5,2,4,3,3, 0
FF4703,0,0,0,0,0,2,5,2,5,1,0,0,0,0,0,5,1,2,2,1,0,0,0,0,0,5,2,5,4,2, 1
FF4713,0,0,0,0,0,2,5,1,5,1,0,0,0,0,0,5,1,2,2,1,0,0,0,0,0,5,2,5,4,2, 1
FF4723,0,0,0,0,0,0,5,3,5,1,0,0,0,0,0,5,2,4,1,0,0,0,0,0,0,5,2,5,5,1, 1
FF4733,0,0,0,0,0,0,5,3,5,1,0,0,0,0,0,5,4,5,1,1,0,0,0,0,0,5,3,5,5,1, 2
FF3762,4,5,3,5,1,0,0,0,0,0,5,2,1,3,1,0,0,0,0,0,5,1,5,1,5,0,0,0,0,0, 0
FF3772,0,0,0,0,0,2,5,2,5,1,4,0,0,0,0,5,1,1,3,1,0,0,0,0,0,5,1,2,2,5, 2
FF3782,0,0,0,0,0,0,5,3,5,1,0,0,0,0,0,5,1,2,2,0,0,0,0,0,0,5,2,3,3,4, 0
FF3792,0,0,0,0,0,0,5,3,5,1,0,0,0,0,0,5,2,4,1,1,0,0,0,0,0,5,2,4,3,4, 1
FF4702,0,0,0,0,0,4,5,4,5,1,0,0,0,0,0,5,3,5,2,1,0,0,0,0,0,5,3,5,4,3, 4
FF4712,5,5,4,5,1,0,0,0,0,0,5,1,3,3,1,0,0,0,0,0,5,3,5,5,3,0,0,0,0,0, 1
FF4722,0,0,0,0,0,3,5,2,5,1,4,0,0,0,0,5,1,3,2,1,0,0,0,0,0,5,3,5,5,2, 3
FF4732,0,0,0,0,0,0,5,3,5,1,0,0,0,0,0,5,3,5,1,1,0,0,0,0,0,5,3,5,5,2, 2
FF4742,0,0,0,0,0,0,5,3,5,1,0,0,0,0,0,4,4,5,1,0,0,0,0,0,0,5,4,5,5,1, 2
FF3761,5,5,5,5,2,0,0,0,0,0,5,3,3,5,2,0,0,0,0,0,5,2,5,1,5,0,0,0,0,0, 3
FF3771,5,5,5,5,1,0,0,0,0,0,5,2,2,4,1,0,0,0,0,0,5,2,5,3,5,0,0,0,0,0, 2
FF3781,5,5,5,5,2,0,0,0,0,0,5,2,5,4,1,0,0,0,0,0,5,2,5,4,5,0,0,0,0,0, 3
FF3791,5,5,5,5,2,0,0,0,0,0,5,2,5,2,1,0,0,0,0,0,5,3,5,4,4,0,0,0,0,0, 2
FF4701,5,5,5,5,2,0,0,0,0,0,5,4,5,5,1,0,0,0,0,0,5,3,5,5,4,0,0,0,0,0, 4
FF4711,5,5,5,5,2,0,0,0,0,0,5,2,4,4,1,0,0,0,0,0,5,3,5,5,3,0,0,0,0,0, 3
FF4721,0,0,0,0,0,1,5,2,5,1,0,0,0,0,0,5,1,2,2,1,0,0,0,0,0,5,3,5,5,3, 1
FF4731,0,0,0,0,0,2,5,3,5,1,0,0,0,0,0,5,1,3,2,1,0,0,0,0,0,5,3,5,5,2, 2
FF4741,0,0,0,0,0,2,5,3,5,1,0,0,0,0,0,5,3,5,1,0,0,0,0,0,0,5,3,5,5,1, 3
FF4751,0,0,0,0,0,0,4,3,5,1,0,0,0,0,0,4,2,4,1,0,0,0,0,0,0,5,3,5,5,1, 1
FF3760,5,5,4,5,1,0,0,0,0,0,5,2,4,1,1,0,0,0,0,0,5,3,5,3,5,0,0,0,0,0, 1
FF3770,5,5,5,5,2,0,0,0,0,0,5,3,4,4,3,0,0,0,0,0,5,3,5,3,5,0,0,0,0,0, 3
FF3780,5,5,5,5,2,0,0,0,0,0,5,4,3,5,2,0,0,0,0,0,5,3,5,4,5,0,0,0,0,0, 3
FF3790,5,5,5,5,2,0,0,0,0,0,5,4,4,5,2,0,0,0,0,0,5,3,5,5,5,0,0,0,0,0, 4
FF4700,5,5,5,5,2,0,0,0,0,0,5,4,4,5,1,0,0,0,0,0,5,3,5,5,5,0,0,0,0,0, 4
FF4710,5,5,5,5,1,0,0,0,0,0,5,3,3,5,2,0,0,0,0,0,5,2,5,5,4,0,0,0,0,0, 3
FF4720,5,5,5,5,2,0,0,0,0,0,5,1,5,4,1,0,0,0,0,0,5,2,5,5,3,0,0,0,0,0, 3
FF4730,5,5,5,5,2,0,0,0,0,0,5,2,4,3,1,0,0,0,0,0,5,2,5,5,2,0,0,0,0,0, 2
FF4740,0,0,0,0,0,2,5,3,5,1,0,0,0,0,0,5,1,3,2,1,0,0,0,0,0,5,3,5,5,1, 2
FF4750,0,0,0,0,0,5,4,3,5,1,0,0,0,0,0,5,2,4,2,1,0,0,0,0,0,5,3,5,5,1, 3
FF4760,0,0,0,0,0,0,4,2,5,1,0,0,0,0,0,5,1,3,1,1,0,0,0,0,0,5,3,4,5,2, 0
FF3679,0,0,0,0,0,4,5,3,5,1,4,0,0,0,0,5,1,3,2,1,0,0,0,0,0,5,4,1,4,5, 4
FF3689,5,5,5,5,2,0,0,0,0,0,5,2,3,4,1,0,0,0,0,0,5,4,5,5,5,0,0,0,0,0, 3
FF3699,5,5,5,5,2,0,0,0,0,0,5,4,4,5,2,0,0,0,0,0,5,4,5,5,5,0,0,0,0,0, 4
FF4609,5,5,5,5,2,0,0,0,0,0,5,3,4,5,1,0,0,0,0,0,5,3,5,5,5,0,0,0,0,0, 3
FF4619,5,5,5,5,2,0,0,0,0,0,5,4,3,5,2,0,0,0,0,0,5,2,5,5,4,0,0,0,0,0, 3
FF4629,5,5,5,5,2,0,0,0,0,0,5,1,5,4,1,0,0,0,0,0,5,1,5,5,3,0,0,0,0,0, 2
FF4639,5,5,5,5,2,0,0,0,0,0,5,3,5,5,2,0,0,0,0,0,5,2,5,5,2,0,0,0,0,0, 3
FF4649,5,5,5,5,2,0,0,0,0,0,5,2,4,4,1,0,0,0,0,0,5,3,5,5,1,0,0,0,0,0, 2
FF4659,0,0,0,0,0,4,4,3,5,1,4,0,0,0,0,5,1,2,2,1,0,0,0,0,0,5,3,5,5,1, 3
FF4669,0,0,0,0,0,0,4,3,5,1,0,0,0,0,0,5,2,4,1,1,0,0,0,0,0,5,2,4,5,2, 1
FF4679,2,5,4,5,1,0,0,0,0,0,5,1,3,1,1,0,0,0,0,0,5,2,5,5,3,0,0,0,0,0, 0
FF3678,0,0,0,0,0,3,5,3,5,1,4,0,0,0,0,5,1,3,2,1,0,0,0,0,0,5,4,2,5,5, 3
FF3688,5,5,5,5,2,0,0,0,0,0,5,2,3,4,1,0,0,0,0,0,5,4,5,5,5,0,0,0,0,0, 3
FF3698,5,5,5,5,2,0,0,0,0,0,5,3,5,5,2,0,0,0,0,0,5,4,5,5,5,0,0,0,0,0, 4
FF4608,0,0,0,0,0,5,5,4,5,1,0,0,0,0,0,5,1,5,3,1,0,0,0,0,0,5,3,4,5,5, 4
FF4618,0,0,0,0,0,1,5,3,5,1,0,0,0,0,0,5,3,3,4,0,0,0,0,0,0,5,2,5,5,4, 3
FF4628,5,5,5,5,2,0,0,0,0,0,5,3,4,1,2,0,0,0,0,0,5,2,5,5,3,0,0,0,0,0, 2
FF4638,5,5,5,5,2,0,0,0,0,0,5,3,5,5,1,0,0,0,0,0,5,2,5,5,2,0,0,0,0,0, 3
FF4648,5,5,5,5,2,0,0,0,0,0,5,1,5,4,1,0,0,0,0,2,5,3,5,5,1,0,0,0,0,0, 3
FF4658,0,0,0,0,0,4,4,3,5,1,0,0,0,0,0,5,2,3,2,1,0,0,0,0,0,5,3,4,5,1, 3
FF4668,0,0,0,0,0,3,4,3,5,1,0,0,0,0,0,5,1,3,2,1,0,0,0,0,0,5,2,3,5,2, 2
FF4678,0,0,0,0,0,1,3,3,5,1,0,0,0,0,0,5,1,2,1,1,0,0,0,0,0,5,1,2,5,3, 0
FF3565,0,0,0,0,0,0,2,4,5,1,0,0,0,0,0,5,3,3,2,1,0,0,0,0,0,5,2,3,5,5, 1
FF3575,2,4,4,5,1,0,0,0,0,0,5,1,3,2,1,0,0,0,0,0,5,1,5,5,5,0,0,0,0,0, 0
FF3576,2,4,5,5,2,0,0,0,0,0,5,2,3,4,1,0,0,0,0,0,5,2,5,5,5,0,0,0,0,0, 1
FF3585,0,0,0,0,0,1,2,3,5,1,0,0,0,0,0,5,1,2,2,1,0,0,0,0,0,5,2,2,5,5, 0
FF3586,0,0,0,0,0,3,2,4,5,1,0,0,0,0,0,5,1,4,2,1,0,0,0,0,0,5,2,1,5,5, 2
FF3595,0,0,0,0,0,2,1,3,5,1,0,0,0,0,0,5,1,2,2,1,0,0,0,0,0,3,3,2,5,5, 0
FF3596,0,0,0,0,0,3,2,3,5,1,0,0,0,0,0,5,3,5,1,0,0,0,0,0,0,5,3,1,5,5, 2
FF4505,0,0,0,0,0,1,1,2,5,1,0,0,0,0,0,5,1,3,2,1,0,0,0,0,0,3,2,2,5,5, 0
FF4506,0,0,0,0,0,1,2,3,5,1,0,0,0,0,0,5,1,3,2,1,0,0,0,0,0,5,3,2,5,5, 1
FF4516,0,0,0,0,0,1,2,3,5,1,0,0,0,0,0,5,1,3,2,1,0,0,0,0,0,4,3,2,5,5, 0
FF4526,0,0,0,0,0,1,2,2,5,1,0,0,0,0,0,5,1,3,2,0,0,0,0,0,0,5,4,2,5,5, 0
FF4536,0,0,0,0,0,1,2,3,5,1,0,0,0,0,0,5,2,4,1,1,0,0,0,0,0,5,5,3,5,4, 1
FF4546,0,0,0,0,0,2,2,4,5,1,0,0,0,0,0,5,3,4,2,1,0,0,0,0,0,5,5,2,5,3, 2
FF4556,0,0,0,0,0,5,2,4,5,1,0,0,0,0,0,5,3,4,2,0,0,0,0,0,0,5,5,1,5,2, 3
FF3677,4,5,5,5,2,0,0,0,0,0,5,2,4,4,2,0,0,0,0,0,5,3,5,5,5,0,0,0,0,0, 3
FF3687,0,0,0,0,0,0,5,4,5,1,0,0,0,0,0,5,2,3,2,0,0,0,0,0,0,5,3,2,5,5, 2
FF3697,0,0,0,0,0,4,5,4,5,1,0,0,0,0,0,5,2,5,3,1,0,0,0,0,0,5,4,3,5,5, 4
FF4607,0,0,0,0,0,3,5,3,5,1,4,0,0,0,0,5,1,3,3,1,0,0,0,0,0,5,3,4,5,5, 4
FF4617,0,0,0,0,0,1,5,2,5,1,0,0,0,0,0,5,1,2,4,1,0,0,0,0,0,5,3,5,5,4, 2
FF4627,0,0,0,0,0,1,5,2,5,1,0,0,0,0,0,5,1,2,4,1,0,0,0,0,0,5,3,5,5,3, 2
FF4637,5,5,4,5,1,0,0,0,0,0,5,1,3,2,1,0,0,0,0,0,5,3,5,5,2,0,0,0,0,0, 1
FF4647,5,5,5,5,2,0,0,0,0,0,5,1,3,3,1,0,0,0,0,0,5,3,5,5,1,0,0,0,0,0, 2
FF4657,0,0,0,0,0,0,4,4,5,1,0,0,0,0,0,5,1,3,2,1,0,0,0,0,0,5,3,3,5,1, 1
FF4667,0,0,0,0,0,2,4,2,5,1,4,0,0,0,0,5,1,3,2,1,0,0,0,0,0,5,2,2,5,1, 2
FF4677,0,0,0,0,0,1,3,2,5,1,0,0,0,0,0,5,1,3,1,1,0,0,0,0,0,5,2,2,5,2, 0
FF3676,0,0,0,0,0,5,5,4,5,2,4,0,0,0,0,5,3,3,2,2,0,0,0,0,0,5,2,2,5,5, 4
FF3686,0,0,0,0,0,3,5,3,5,1,0,0,0,0,0,5,3,3,1,1,0,0,0,0,0,5,3,3,5,5, 3
FF3696,0,0,0,0,0,2,5,2,5,1,0,0,0,0,0,5,1,2,2,1,0,0,0,0,0,5,4,4,5,5, 2
FF4606,0,0,0,0,0,2,5,3,5,1,0,0,0,0,0,5,1,3,3,1,0,0,0,0,0,5,4,4,5,5, 3
FF4616,5,5,4,5,2,0,0,0,0,0,5,1,5,1,1,0,0,0,0,0,5,4,5,5,5,0,0,0,0,0, 2
FF4626,0,0,0,0,0,1,5,4,5,2,0,0,0,0,0,5,2,3,4,1,0,0,0,0,0,5,4,4,5,4, 3
FF4636,5,5,5,5,2,0,0,0,0,0,5,3,5,4,3,0,0,0,0,0,5,3,5,5,3,0,0,0,0,0, 4
FF4646,5,5,4,5,1,0,0,0,0,0,4,1,4,1,1,0,0,0,0,0,5,3,5,5,2,0,0,0,0,0, 1
FF4656,0,0,0,0,0,5,4,4,5,1,0,0,0,0,0,5,1,4,2,1,0,0,0,0,0,5,2,2,5,1, 3
FF4666,0,0,0,0,0,1,4,4,5,1,0,0,0,0,0,5,3,3,2,0,0,0,0,0,0,5,2,1,5,1, 1
FF4676,0,0,0,0,0,2,3,2,5,1,0,0,0,0,0,5,1,2,2,1,0,0,0,0,0,5,2,2,5,2, 0
FF3655,0,0,0,0,0,1,4,3,5,1,0,0,0,0,0,5,2,3,2,1,0,0,0,0,0,5,2,3,5,5, 2
FF3665,0,0,0,0,0,3,4,2,5,1,0,0,0,0,0,5,1,3,3,1,0,0,0,0,0,5,1,3,5,5, 2
FF3675,0,0,0,0,0,3,5,3,5,1,0,0,0,0,0,5,1,3,3,1,0,0,0,0,0,5,2,3,5,5, 3
FF3685,0,0,0,0,0,2,5,2,5,1,0,0,0,0,0,5,1,2,2,1,0,0,0,0,0,5,3,3,5,5, 2
FF3695,0,0,0,0,0,2,5,2,5,1,4,0,0,0,0,5,1,2,2,1,0,0,0,0,0,5,4,4,5,5, 3
FF4605,0,0,0,0,0,5,5,3,5,1,0,0,0,0,0,5,2,5,3,1,0,0,0,0,0,5,5,5,5,5, 4
FF4615,5,5,5,5,2,0,0,0,0,0,5,3,5,5,2,0,0,0,0,0,5,4,5,5,5,0,0,0,0,0, 4
FF4625,5,5,5,5,3,0,0,0,0,0,5,3,4,4,3,0,0,0,0,0,5,4,5,5,4,0,0,0,0,0, 4
FF4635,5,5,5,5,3,0,0,0,0,0,5,3,3,5,2,0,0,0,0,2,5,3,5,5,3,0,0,0,0,0, 4
FF4645,0,0,0,0,0,2,5,3,5,1,0,0,0,0,0,5,1,4,3,1,0,0,0,0,0,5,2,2,5,2, 2
FF4655,0,0,0,0,0,4,4,3,5,1,4,0,0,0,0,5,1,3,3,1,0,0,0,0,0,5,2,1,5,1, 3
FF4665,0,0,0,0,0,2,4,4,5,1,4,0,0,0,0,5,3,4,2,1,0,0,0,0,0,5,1,1,5,1, 3
FF3654,5,5,4,5,2,0,0,0,0,0,5,3,3,2,1,0,0,0,0,0,5,1,5,5,5,0,0,0,0,0, 2
FF3664,0,0,0,0,0,1,4,3,5,1,0,0,0,0,0,5,1,3,2,1,0,0,0,0,0,5,1,4,5,5, 1
FF3674,0,0,0,0,0,3,4,3,5,1,0,0,0,0,0,5,1,3,3,0,0,0,0,0,0,5,2,4,5,5, 2
FF3684,5,5,5,5,2,0,0,0,0,0,5,3,4,3,1,0,0,0,0,0,5,3,5,5,5,0,0,0,0,0, 3
FF3694,5,5,4,5,1,0,0,0,0,0,4,1,3,1,1,0,0,0,0,0,5,4,5,5,5,0,0,0,0,0, 1
FF4604,5,5,5,5,3,0,0,0,0,0,5,2,5,5,1,0,0,0,0,0,5,5,5,5,5,0,0,0,0,0, 4
FF4614,5,5,5,5,2,0,0,0,0,0,5,3,5,5,2,0,0,0,0,0,5,4,5,5,5,0,0,0,0,0, 4
FF4624,5,5,5,5,3,0,0,0,0,0,5,4,5,5,2,0,0,0,0,0,5,3,5,5,4,0,0,0,0,0, 4
FF4634,5,5,5,5,2,0,0,0,0,0,5,3,4,5,2,0,0,0,0,0,5,3,5,5,4,0,0,0,0,0, 3
FF4644,5,5,5,5,2,0,0,0,0,0,5,2,4,5,1,0,0,0,0,0,5,2,5,5,3,0,0,0,0,0, 3
FF4654,0,0,0,0,0,1,4,3,5,1,4,0,0,0,0,5,1,2,3,1,0,0,0,0,0,5,1,1,5,2, 2
FF4664,0,0,0,0,0,0,4,3,5,1,4,0,0,0,0,5,3,4,3,0,0,0,0,0,0,5,2,1,5,1, 2
FF3653,0,0,0,0,0,2,3,4,5,1,0,0,0,0,0,5,2,3,2,1,0,0,0,0,0,5,1,5,5,5, 2
FF3663,0,0,0,0,0,1,4,2,5,1,0,0,0,0,0,5,1,1,2,0,0,0,0,0,0,5,2,5,5,5, 0
FF3673,0,0,0,0,0,1,4,3,5,1,0,0,0,0,0,5,1,3,2,1,0,0,0,0,0,5,2,5,5,5, 2
FF3683,5,5,5,5,2,0,0,0,0,0,5,3,5,5,2,0,0,0,0,0,5,3,5,5,5,0,0,0,0,0, 4
FF3693,5,5,5,5,2,0,0,0,0,0,5,3,3,5,2,0,0,0,0,0,5,4,5,5,5,0,0,0,0,0, 3
FF4603,5,5,5,5,3,0,0,0,0,0,5,4,5,5,2,0,0,0,0,0,5,4,5,5,5,0,0,0,0,0, 4
FF4613,5,5,5,5,3,0,0,0,0,0,5,4,5,5,2,0,0,0,0,0,5,4,5,5,5,0,0,0,0,0, 4
FF4623,5,5,5,5,2,0,0,0,0,0,5,1,5,5,1,0,0,0,0,0,5,3,5,5,5,0,0,0,0,0, 3
FF4633,5,5,5,5,1,0,0,0,0,0,5,1,4,2,1,0,0,0,0,0,5,2,5,5,4,0,0,0,0,0, 2
FF4643,5,5,4,5,1,0,0,0,0,0,5,2,3,2,1,0,0,0,0,0,5,2,5,5,3,0,0,0,0,0, 1
FF4653,5,5,4,5,2,0,0,0,0,0,5,2,4,2,1,0,0,0,0,0,5,2,5,5,2,0,0,0,0,0, 2
FF4663,0,0,0,0,0,2,4,3,5,1,0,0,0,0,0,5,1,3,3,1,0,0,0,0,0,5,2,2,5,1, 1
FF4673,0,0,0,0,0,0,4,4,5,1,0,0,0,0,0,5,3,3,3,0,0,0,0,0,0,5,2,2,5,1, 1
FF3652,0,0,0,0,0,0,3,4,5,1,0,0,0,0,0,5,2,2,3,0,0,0,0,0,0,5,2,5,5,5, 1
FF3662,0,0,0,0,0,1,3,2,5,1,0,0,0,0,0,5,1,1,2,1,0,0,0,0,0,5,2,5,5,5, 0
FF3672,0,0,0,0,0,1,3,3,5,1,4,0,0,0,0,5,1,3,1,1,0,0,0,0,0,5,3,5,5,5, 2
FF3682,5,5,5,5,2,0,0,0,0,0,5,1,4,2,1,0,0,0,0,0,5,3,5,5,5,0,0,0,0,0, 2
FF3692,5,5,5,5,2,0,0,0,0,0,5,4,3,5,2,0,0,0,0,0,5,3,5,5,5,0,0,0,0,0, 4
FF4602,5,5,5,5,3,0,0,0,0,0,5,4,5,5,2,0,0,0,0,0,5,3,5,5,5,0,0,0,0,0, 4
FF4612,5,5,5,5,3,0,0,0,0,0,5,3,5,5,2,0,0,0,0,0,5,3,5,5,5,0,0,0,0,0, 4
FF4622,5,5,5,5,2,0,0,0,0,0,5,2,3,5,1,0,0,0,0,0,5,3,5,5,5,0,0,0,0,0, 3
FF4632,0,0,0,0,0,5,4,4,5,1,4,0,0,0,0,5,1,3,2,1,0,0,0,0,0,5,2,1,5,4, 4
FF4642,0,0,0,0,0,3,4,3,5,1,0,0,0,0,0,5,1,4,2,1,0,0,0,0,0,5,1,1,5,3, 2
FF4652,5,5,4,5,2,0,0,0,0,0,5,2,4,1,1,0,0,0,0,0,5,1,5,5,2,0,0,0,0,0, 1
FF4662,0,0,0,0,0,1,4,3,5,1,0,0,0,0,0,5,1,2,3,1,0,0,0,0,0,5,1,3,5,1, 1
FF4672,0,0,0,0,0,0,4,3,5,1,0,0,0,0,0,5,2,3,2,1,0,0,0,0,0,5,2,3,5,1, 1
FF4682,0,0,0,0,0,0,3,4,5,1,0,0,0,0,0,5,3,5,2,1,0,0,0,0,0,5,3,3,5,2, 2
FF4692,2,5,5,5,2,0,0,0,0,0,5,3,5,2,2,0,0,0,0,0,5,3,5,5,3,0,0,0,0,0, 2
FF3661,0,0,0,0,0,2,3,2,5,1,0,0,0,0,0,5,1,2,2,1,0,0,0,0,0,5,3,4,5,5, 1
FF3671,0,0,0,0,0,1,3,3,5,1,0,0,0,0,0,5,3,4,2,0,0,0,0,0,0,5,3,5,5,5, 2
FF3681,0,0,0,0,0,1,3,4,5,2,0,0,0,0,0,5,2,3,3,1,0,0,0,0,0,5,2,5,5,5, 3
FF3691,5,5,5,5,3,0,0,0,0,0,5,3,4,3,2,0,0,0,0,0,5,2,5,5,5,0,0,0,0,0, 3
FF4601,5,5,5,5,3,0,0,0,0,0,5,4,4,5,2,0,0,0,0,0,5,2,5,5,5,0,0,0,0,0, 4
FF4611,5,5,5,5,2,0,0,0,0,0,5,3,5,5,2,0,0,0,0,0,5,3,5,5,5,0,0,0,0,0, 4
FF4621,5,5,5,5,3,0,0,0,0,0,5,3,5,5,2,0,0,0,0,0,5,3,5,5,5,0,0,0,0,0, 4
FF4631,5,5,4,5,1,0,0,0,0,0,5,1,3,2,1,0,0,0,0,0,5,2,5,5,4,0,0,0,0,0, 1
FF4641,0,0,0,0,0,4,3,4,5,1,4,0,0,0,0,5,1,2,3,1,0,0,0,0,0,5,2,2,5,3, 3
FF4651,0,0,0,0,0,4,3,4,5,1,4,0,0,0,0,5,1,3,2,1,0,0,0,0,0,5,2,2,5,2, 3
FF4661,4,5,5,5,2,0,0,0,0,0,5,3,4,3,1,0,0,0,0,0,5,2,5,5,1,0,0,0,0,0, 2
FF4671,0,0,0,0,0,5,4,4,5,1,0,0,0,0,0,5,3,4,1,1,0,0,0,0,0,5,2,4,5,1, 3
FF4681,0,0,0,0,0,1,4,2,5,1,0,0,0,0,0,5,1,3,2,1,0,0,0,0,0,5,2,3,5,2, 1
FF4691,0,0,0,0,0,3,3,3,5,1,0,0,0,0,0,5,1,3,1,1,0,0,0,0,0,5,2,2,5,2, 1
FF3660,0,0,0,0,0,0,3,3,5,1,0,0,0,0,0,5,3,4,1,0,0,0,0,0,0,5,4,3,5,5, 1
FF3670,0,0,0,0,0,0,3,3,5,1,0,0,0,0,0,5,3,3,2,0,0,0,0,0,0,5,3,4,5,5, 1
FF3680,4,5,5,5,3,0,0,0,0,0,5,3,4,4,2,0,0,0,0,0,5,2,5,5,5,0,0,0,0,0, 3
FF3690,0,0,0,0,0,1,3,4,5,1,0,0,0,0,0,5,2,3,2,1,0,0,0,0,0,5,1,4,5,5, 2
FF4600,0,0,0,0,0,2,3,3,5,2,4,0,0,0,0,5,1,3,3,1,0,0,0,0,0,5,2,5,5,5, 3
FF4610,5,5,5,5,3,0,0,0,0,0,5,3,5,3,2,0,0,0,0,0,5,3,5,5,5,0,0,0,0,0, 4
FF4620,5,5,5,5,3,0,0,0,0,0,5,4,5,5,2,0,0,0,0,0,5,3,5,5,5,0,0,0,0,0, 4
FF4630,5,5,5,5,3,0,0,0,0,0,5,3,5,5,2,0,0,0,0,0,5,3,5,5,4,0,0,0,0,0, 4
FF4640,5,5,5,5,1,0,0,0,0,0,5,2,3,3,1,0,0,0,0,0,5,3,5,5,3,0,0,0,0,0, 2
FF4650,0,0,0,0,0,3,3,4,5,1,0,0,0,0,0,5,1,3,2,1,0,0,0,0,0,5,3,3,5,3, 2
FF4660,0,0,0,0,0,4,3,3,5,1,0,0,0,0,0,5,1,3,2,1,0,0,0,0,0,5,3,3,5,2, 2
FF4670,0,0,0,0,0,5,3,3,5,1,0,0,0,0,0,5,1,2,2,1,0,0,0,0,0,5,3,3,5,1, 2
FF4680,0,0,0,0,0,2,4,3,5,1,0,0,0,0,0,4,2,4,1,1,0,0,0,0,0,5,2,2,5,1, 1
FF4690,0,0,0,0,0,1,3,2,5,1,0,0,0,0,0,5,1,3,2,1,0,0,0,0,0,5,1,2,5,2, 0
FF3569,0,0,0,0,0,5,3,3,5,1,0,0,0,0,0,5,3,3,1,0,0,0,0,0,0,5,4,3,5,5, 3
FF3579,0,0,0,0,0,5,3,4,5,1,0,0,0,0,0,5,1,4,1,0,0,0,0,0,0,5,3,3,5,5, 3
FF3589,3,5,5,5,2,0,0,0,0,0,5,3,5,5,2,0,0,0,0,0,5,2,5,5,5,0,0,0,0,0, 3
FF3599,0,0,0,0,0,2,3,4,5,1,0,0,0,0,0,5,2,5,2,1,0,0,0,0,0,5,2,3,5,5, 3
FF4509,0,0,0,0,0,1,3,3,5,1,0,0,0,0,0,5,1,3,2,0,0,0,0,0,0,5,2,4,5,5, 1
FF4519,0,0,0,0,0,1,3,3,5,1,0,0,0,0,0,5,1,3,3,1,0,0,0,0,0,5,3,4,5,5, 2
FF4529,5,5,5,5,3,0,0,0,0,0,5,3,5,5,2,0,0,0,0,0,5,4,5,5,5,0,0,0,0,0, 4
FF4539,5,5,5,5,3,0,0,0,0,0,5,4,5,5,2,0,0,0,0,0,5,4,5,5,4,0,0,0,0,0, 4
FF4549,5,5,5,5,2,0,0,0,0,0,5,2,4,5,1,0,0,0,0,0,5,4,5,5,3,0,0,0,0,0, 3
FF4559,5,5,4,5,1,0,0,0,0,0,5,1,3,2,1,0,0,0,0,0,5,4,5,5,2,0,0,0,0,0, 1
FF4569,5,5,4,5,1,0,0,0,0,0,5,2,2,1,1,0,0,0,0,0,5,4,5,5,1,0,0,0,0,0, 1
FF4579,5,5,5,5,2,0,0,0,0,0,5,3,5,2,2,0,0,0,0,0,5,3,5,5,1,0,0,0,0,0, 3
FF4589,5,5,5,5,2,0,0,0,0,0,5,3,5,4,1,0,0,0,0,0,5,2,5,5,1,0,0,0,0,0, 3
FF3568,2,4,5,5,1,0,0,0,0,0,5,2,3,3,1,0,0,0,0,0,5,4,5,5,5,0,0,0,0,0, 1
FF3578,2,5,5,5,2,0,0,0,0,0,5,2,3,3,1,0,0,0,0,0,5,3,5,5,5,0,0,0,0,0, 1
FF3588,2,5,5,5,2,0,0,0,0,0,5,3,5,5,2,0,0,0,0,0,5,3,5,5,5,0,0,0,0,0, 3
FF3598,0,0,0,0,0,5,3,4,5,1,0,0,0,0,0,5,3,5,1,0,0,0,0,0,0,5,3,2,5,5, 3
FF4508,0,0,0,0,0,1,3,3,5,1,0,0,0,0,0,5,1,3,2,0,0,0,0,0,0,5,3,3,5,5, 1
FF4518,0,0,0,0,0,1,3,2,5,1,4,0,0,0,0,5,1,2,2,1,0,0,0,0,0,5,3,4,5,5, 2
FF4528,5,4,5,5,3,0,0,0,0,0,5,2,4,5,1,0,0,0,0,0,5,4,5,5,5,0,0,0,0,0, 3
FF4538,5,4,5,5,2,0,0,0,0,0,5,2,5,5,1,0,0,0,0,0,5,5,5,5,4,0,0,0,0,0, 3
FF4548,5,4,5,5,2,0,0,0,0,0,5,3,4,5,2,0,0,0,0,0,5,5,5,5,3,0,0,0,0,0, 3
FF4558,5,5,5,5,2,0,0,0,0,0,5,2,4,2,1,0,0,0,0,0,5,5,5,5,2,0,0,0,0,0, 2
FF4568,0,0,0,0,0,4,3,4,5,1,0,0,0,0,0,5,1,2,2,1,0,0,0,0,0,5,4,2,5,1, 2
FF4578,5,5,5,5,1,0,0,0,0,0,5,1,5,2,1,0,0,0,0,0,5,3,5,5,1,0,0,0,0,0, 2
FF3567,2,4,5,5,2,0,0,0,0,0,5,3,3,4,1,0,0,0,0,0,5,3,5,5,5,0,0,0,0,0, 1
FF3577,0,0,0,0,0,2,3,3,5,1,0,0,0,0,0,5,1,3,2,0,0,0,0,0,0,5,3,2,5,5, 1
FF3587,2,4,4,5,1,0,0,0,0,0,5,1,3,1,1,0,0,0,0,0,5,3,5,5,5,0,0,0,0,0, 0
FF3597,2,4,4,5,1,0,0,0,0,0,5,1,3,1,1,0,0,0,0,0,5,3,5,5,5,0,0,0,0,0, 0
FF4507,0,0,0,0,0,1,2,2,5,1,0,0,0,0,0,5,1,3,2,1,0,0,0,0,0,5,4,2,5,5, 0
FF4517,0,0,0,0,0,1,2,2,5,1,0,0,0,0,0,5,1,2,2,1,0,0,0,0,0,5,4,3,5,5, 0
FF4527,0,0,0,0,0,1,2,4,5,1,0,0,0,0,0,5,1,4,2,0,0,0,0,0,0,5,4,3,5,5, 1
FF4537,0,0,0,0,0,1,2,3,5,1,0,0,0,0,0,5,1,5,2,0,0,0,0,0,0,5,5,3,5,4, 1
FF4547,0,0,0,0,0,1,2,3,5,1,0,0,0,0,0,5,1,4,2,0,0,0,0,0,0,5,5,2,5,3, 1
FF4557,0,0,0,0,0,3,3,4,5,1,0,0,0,0,0,5,1,3,2,1,0,0,0,0,0,5,5,1,5,2, 2
FF4567,0,0,0,0,0,5,3,4,5,1,0,0,0,0,0,5,1,3,2,1,0,0,0,0,0,5,4,1,5,1, 2
FF4577,0,0,0,0,0,5,3,3,5,1,0,0,0,0,0,5,1,2,2,1,0,0,0,0,0,5,4,2,5,1, 2
