0,1,2,3
FF3794,"[6, 3, 3, 10]",22,2
FF4704,"[6, 3, 3, 10]",22,2
FF4714,"[4, 3, 3, 10]",20,1
FF3783,"[8, 4, 3, 5]",20,1
FF3793,"[6, 2, 3, 10]",21,2
FF4703,"[6, 2, 3, 10]",21,2
FF4713,"[4, 2, 3, 10]",19,1
FF4723,"[4, 2, 3, 10]",19,1
FF4733,"[2, 1, 3, 15]",21,2
FF3762,"[8, 4, 3, 10]",25,2
FF3772,"[10, 3, 3, 10]",26,2
FF3782,"[8, 3, 3, 10]",24,2
FF3792,"[6, 2, 3, 10]",21,2
FF4702,"[6, 1, 3, 10]",20,1
FF4712,"[4, 1, 3, 10]",18,1
FF4722,"[4, 1, 3, 10]",18,1
FF4732,"[2, 1, 3, 15]",21,2
FF4742,"[2, 1, 3, 20]",26,2
FF3761,"[8, 2, 3, 15]",28,3
FF3771,"[8, 2, 3, 15]",28,3
FF3781,"[8, 2, 3, 15]",28,3
FF3791,"[6, 2, 3, 10]",21,2
FF4701,"[6, 1, 3, 10]",20,1
FF4711,"[4, 1, 3, 10]",18,1
FF4721,"[4, 1, 3, 15]",23,2
FF4731,"[2, 1, 3, 10]",16,1
FF4741,"[2, 1, 3, 20]",26,2
FF4751,"[2, 1, 3, 25]",31,3
FF3760,"[6, 2, 3, 5]",16,1
FF3770,"[6, 1, 3, 10]",20,1
FF3780,"[6, 1, 3, 15]",25,2
FF3790,"[6, 2, 3, 15]",26,2
FF4700,"[6, 2, 3, 10]",21,2
FF4710,"[4, 2, 3, 10]",19,1
FF4720,"[4, 2, 3, 10]",19,1
FF4730,"[4, 1, 3, 10]",18,1
FF4740,"[2, 1, 3, 15]",21,2
FF4750,"[2, 1, 3, 20]",26,2
FF4760,"[2, 1, 3, 20]",26,2
FF3679,"[6, 2, 3, 10]",21,2
FF3689,"[6, 2, 3, 20]",31,3
FF3699,"[4, 2, 3, 15]",24,2
FF4609,"[4, 3, 3, 25]",35,4
FF4619,"[4, 3, 3, 20]",30,3
FF4629,"[4, 3, 3, 15]",25,2
FF4639,"[4, 2, 3, 15]",24,2
FF4649,"[4, 2, 3, 15]",24,2
FF4659,"[4, 1, 3, 15]",23,2
FF4669,"[2, 1, 3, 20]",26,2
FF4679,"[2, 1, 3, 15]",21,2
FF3678,"[6, 2, 3, 5]",16,1
FF3688,"[6, 2, 3, 10]",21,2
FF3698,"[6, 3, 3, 15]",27,3
FF4608,"[6, 4, 3, 20]",33,4
FF4618,"[6, 4, 3, 20]",33,4
FF4628,"[6, 3, 3, 15]",27,3
FF4638,"[6, 3, 3, 25]",37,5
FF4648,"[4, 2, 3, 15]",24,2
FF4658,"[4, 1, 3, 15]",23,2
FF4668,"[4, 1, 3, 15]",23,2
FF4678,"[2, 1, 3, 10]",16,1
FF3575,"[4, 1, 3, 20]",28,3
FF3576,"[4, 1, 3, 10]",18,1
FF3585,"[6, 1, 3, 15]",25,2
FF3586,"[6, 1, 3, 10]",20,1
FF3595,"[6, 1, 3, 15]",25,2
FF3596,"[6, 1, 3, 10]",20,1
FF4505,"[6, 1, 3, 10]",20,1
FF4506,"[6, 1, 3, 10]",20,1
FF4516,"[8, 2, 3, 10]",23,2
FF4526,"[8, 2, 3, 10]",23,2
FF4536,"[8, 2, 3, 15]",28,3
FF4546,"[8, 2, 3, 10]",23,2
FF4556,"[8, 2, 3, 15]",28,3
FF3677,"[6, 3, 3, 10]",22,2
FF3687,"[6, 3, 3, 15]",27,3
FF3697,"[6, 4, 3, 15]",28,3
FF4607,"[6, 4, 3, 15]",28,3
FF4617,"[6, 5, 3, 15]",29,3
FF4627,"[6, 4, 3, 20]",33,4
FF4637,"[6, 3, 3, 20]",32,4
FF4647,"[6, 2, 3, 15]",26,2
FF4657,"[4, 1, 3, 10]",18,1
FF4667,"[4, 1, 3, 20]",28,3
FF4677,"[4, 1, 3, 10]",18,1
FF3676,"[8, 4, 3, 15]",30,3
FF3686,"[8, 5, 3, 15]",31,3
FF3696,"[8, 5, 3, 20]",36,4
FF4606,"[8, 4, 3, 20]",35,4
FF4616,"[8, 3, 3, 15]",29,3
FF4626,"[8, 4, 3, 15]",30,3
FF4636,"[6, 3, 3, 20]",32,4
FF4646,"[6, 2, 3, 20]",31,3
FF4656,"[6, 1, 3, 10]",20,1
FF4666,"[4, 1, 3, 10]",18,1
FF4676,"[4, 2, 3, 15]",24,2
FF3655,"[6, 4, 3, 10]",23,2
FF3665,"[8, 4, 3, 10]",25,2
FF3675,"[8, 4, 3, 10]",25,2
FF3685,"[10, 5, 3, 25]",43,5
FF3695,"[8, 5, 3, 15]",31,3
FF4605,"[10, 4, 3, 20]",37,5
FF4615,"[10, 3, 3, 20]",36,4
FF4625,"[8, 3, 3, 20]",34,4
FF4635,"[8, 2, 3, 15]",28,3
FF4645,"[6, 2, 3, 15]",26,2
FF4655,"[6, 2, 3, 20]",31,3
FF4665,"[6, 2, 3, 10]",21,2
FF3654,"[6, 3, 3, 10]",22,2
FF3664,"[8, 4, 3, 15]",30,3
FF3674,"[10, 5, 3, 20]",38,5
FF3684,"[10, 5, 3, 25]",43,5
FF3694,"[10, 5, 3, 10]",28,3
FF4604,"[10, 5, 3, 25]",43,5
FF4614,"[10, 4, 3, 25]",42,5
FF4624,"[10, 3, 3, 25]",41,5
FF4634,"[8, 2, 3, 20]",33,4
FF4644,"[8, 2, 3, 20]",33,4
FF4654,"[6, 2, 3, 20]",31,3
FF4664,"[6, 2, 3, 10]",21,2
FF3653,"[6, 3, 3, 10]",22,2
FF3663,"[8, 4, 3, 25]",40,5
FF3673,"[10, 5, 3, 20]",38,5
FF3683,"[10, 5, 3, 25]",43,5
FF3693,"[10, 5, 3, 25]",43,5
FF4603,"[10, 5, 3, 25]",43,5
FF4613,"[10, 5, 3, 25]",43,5
FF4623,"[10, 4, 3, 25]",42,5
FF4633,"[10, 3, 3, 15]",31,3
FF4643,"[8, 3, 3, 15]",29,3
FF4653,"[6, 2, 3, 15]",26,2
FF4663,"[6, 2, 3, 20]",31,3
FF4673,"[6, 3, 3, 10]",22,2
FF3652,"[6, 3, 3, 10]",22,2
FF3662,"[8, 4, 3, 20]",35,4
FF3672,"[10, 4, 3, 15]",32,4
FF3682,"[10, 4, 3, 20]",37,5
FF3692,"[10, 5, 3, 25]",43,5
FF4602,"[10, 5, 3, 25]",43,5
FF4612,"[10, 5, 3, 25]",43,5
FF4622,"[10, 5, 3, 25]",43,5
FF4632,"[10, 5, 3, 15]",33,4
FF4642,"[8, 4, 3, 20]",35,4
FF4652,"[8, 3, 3, 10]",24,2
FF4662,"[6, 2, 3, 20]",31,3
FF4672,"[6, 3, 3, 20]",32,4
FF4682,"[4, 3, 3, 10]",20,1
FF4692,"[4, 4, 3, 10]",21,2
FF3661,"[8, 3, 3, 15]",29,3
FF3671,"[8, 2, 3, 15]",28,3
FF3681,"[10, 3, 3, 15]",31,3
FF3691,"[10, 4, 3, 15]",32,4
FF4601,"[10, 4, 3, 25]",42,5
FF4611,"[10, 5, 3, 25]",43,5
FF4621,"[10, 5, 3, 25]",43,5
FF4631,"[10, 5, 3, 10]",28,3
FF4641,"[10, 4, 3, 20]",37,5
FF4651,"[8, 2, 3, 20]",33,4
FF4661,"[8, 2, 3, 20]",33,4
FF4671,"[6, 3, 3, 15]",27,3
FF4681,"[6, 3, 3, 20]",32,4
FF4691,"[4, 3, 3, 20]",30,3
FF3660,"[6, 2, 3, 20]",31,3
FF3670,"[8, 2, 3, 15]",28,3
FF3680,"[8, 2, 3, 20]",33,4
FF3690,"[8, 2, 3, 10]",23,2
FF4600,"[10, 3, 3, 15]",31,3
FF4610,"[10, 4, 3, 25]",42,5
FF4620,"[10, 5, 3, 25]",43,5
FF4630,"[10, 5, 3, 25]",43,5
FF4640,"[10, 4, 3, 15]",32,4
FF4650,"[8, 2, 3, 15]",28,3
FF4660,"[8, 2, 3, 20]",33,4
FF4670,"[6, 3, 3, 20]",32,4
FF4680,"[6, 4, 3, 15]",28,3
FF4690,"[6, 4, 3, 15]",28,3
FF3569,"[6, 2, 3, 10]",21,2
FF3579,"[6, 2, 3, 20]",31,3
FF3589,"[8, 2, 3, 25]",38,5
FF3599,"[8, 2, 3, 10]",23,2
FF4509,"[8, 2, 3, 20]",33,4
FF4519,"[10, 3, 3, 20]",36,4
FF4529,"[10, 4, 3, 25]",42,5
FF4539,"[10, 5, 3, 25]",43,5
FF4549,"[10, 4, 3, 25]",42,5
FF4559,"[10, 3, 3, 20]",36,4
FF4569,"[8, 2, 3, 10]",23,2
FF4579,"[8, 2, 3, 10]",23,2
FF4589,"[6, 3, 3, 5]",17,1
FF3568,"[6, 2, 3, 5]",16,1
FF3578,"[6, 1, 3, 20]",30,3
FF3588,"[6, 1, 3, 25]",35,4
FF3598,"[6, 1, 3, 25]",35,4
FF4508,"[8, 2, 3, 15]",28,3
FF4518,"[10, 3, 3, 15]",31,3
FF4528,"[10, 4, 3, 20]",37,5
FF4538,"[10, 4, 3, 25]",42,5
FF4548,"[10, 4, 3, 20]",37,5
FF4558,"[10, 4, 3, 25]",42,5
FF4568,"[8, 2, 3, 15]",28,3
FF4578,"[8, 2, 3, 10]",23,2
FF3567,"[4, 2, 3, 10]",19,1
FF3577,"[4, 1, 3, 15]",23,2
FF3587,"[6, 1, 3, 15]",25,2
FF3597,"[6, 1, 3, 20]",30,3
FF4507,"[8, 2, 3, 15]",28,3
FF4517,"[8, 2, 3, 15]",28,3
FF4527,"[10, 3, 3, 20]",36,4
FF4537,"[10, 3, 3, 20]",36,4
FF4547,"[10, 3, 3, 15]",31,3
FF4557,"[8, 2, 3, 15]",28,3
FF4567,"[8, 2, 3, 15]",28,3
FF4577,"[8, 2, 3, 10]",23,2
