0,1,2,3,4,5,6,7,8,9,10,11,12,13,14,15,16,17,18,19,20,21,22,23,24,25,26,27,28,29,30,31,32
FF3565,0,15,10,0,0,0,0,10,0,5,3,0,6,3,3,0,0,3,3,12,0,0,0,0,1,0,1,1,1,1,78,zly
FF3567,5,10,5,5,0,0,0,5,0,5,3,6,0,3,3,0,0,3,3,3,1,1,1,1,2,0,1,0,0,1,67,zly
FF3568,5,10,5,5,0,0,0,5,0,5,3,3,0,3,3,0,0,3,3,6,1,1,1,1,0,0,1,0,0,1,65,zly
FF3569,0,0,0,0,0,0,0,10,0,5,0,0,0,0,0,0,0,3,3,12,0,0,0,0,1,0,1,0,1,1,37,zly
FF3575,5,10,5,5,0,0,0,20,0,5,3,3,6,3,3,0,0,3,3,9,1,1,1,1,2,0,1,1,0,1,92,slaby
FF3576,5,10,5,5,0,0,0,5,0,5,3,3,3,3,3,0,0,3,3,6,1,1,1,1,2,0,1,0,0,1,70,zly
FF3577,0,0,0,0,0,0,0,10,0,5,0,0,0,0,0,0,0,3,6,9,0,0,0,0,1,0,2,0,1,1,38,zly
FF3578,5,10,5,5,0,0,0,5,0,5,6,3,3,3,6,0,0,3,3,6,2,2,2,2,2,0,1,0,1,1,81,zly
FF3579,0,0,5,0,0,0,0,10,0,5,3,0,6,3,3,0,0,3,3,9,0,0,0,0,1,0,1,0,1,1,54,zly
FF3585,0,0,0,0,5,0,0,10,0,5,0,0,0,0,0,0,0,3,6,3,0,0,0,0,1,0,2,1,1,1,38,zly
FF3586,0,0,0,0,5,0,0,10,0,5,0,0,0,0,0,0,0,3,3,9,0,0,0,0,1,0,1,1,1,1,40,zly
FF3587,5,10,5,5,0,0,0,10,0,5,3,3,6,3,3,0,0,3,3,9,1,1,1,1,2,0,1,0,1,1,82,slaby
FF3588,5,20,15,15,0,0,0,5,0,5,3,12,3,3,3,0,0,3,3,3,1,1,1,1,2,0,1,0,1,1,107,slaby
FF3589,5,10,5,20,0,0,0,5,0,5,6,12,3,3,3,0,0,3,3,3,1,1,1,1,2,0,1,1,0,1,95,slaby
FF3595,0,0,0,0,15,0,0,10,0,5,0,0,0,0,0,0,0,3,6,3,0,0,0,0,1,0,2,1,1,1,48,zly
FF3596,0,0,0,0,0,0,0,10,0,5,0,0,0,0,0,0,0,3,3,3,0,0,0,0,1,0,1,0,0,1,27,zly
FF3597,5,10,5,5,0,0,0,10,0,5,3,3,6,3,3,0,0,3,3,9,1,1,1,1,2,0,1,1,0,1,82,slaby
FF3598,0,20,15,0,0,0,0,10,0,5,3,0,6,3,3,0,0,3,3,12,0,0,0,0,1,0,1,0,1,1,87,slaby
FF3599,0,0,5,0,0,0,0,10,0,5,3,0,6,3,3,0,0,3,3,9,0,0,0,0,1,0,1,1,1,1,55,zly
FF3652,5,10,5,5,0,0,0,20,0,5,3,3,6,3,3,0,0,3,6,9,1,1,1,1,0,0,2,0,1,1,94,slaby
FF3653,5,10,5,5,0,0,0,10,0,5,3,3,0,3,3,0,0,3,6,9,1,1,1,1,2,0,2,1,1,1,81,zly
FF3654,5,10,5,5,5,5,5,10,0,10,3,3,0,3,3,0,3,6,6,12,1,1,1,1,2,1,2,1,1,1,111,slaby
FF3655,0,0,0,0,0,5,5,10,0,20,0,0,0,0,0,0,3,12,12,3,0,0,0,0,1,1,4,1,3,4,84,slaby
FF3660,0,0,0,0,0,0,0,10,0,5,0,0,0,0,0,0,0,3,6,3,0,0,0,0,1,0,2,0,1,1,32,zly
FF3661,0,0,0,0,0,0,0,10,0,5,0,0,0,0,0,0,0,3,6,3,0,3,0,0,1,0,3,1,1,3,39,zly
FF3662,0,0,0,0,0,0,0,10,0,5,0,0,0,0,0,0,0,3,6,3,0,3,0,0,1,0,3,1,1,3,39,zly
FF3663,0,0,0,0,0,5,5,20,0,15,0,0,0,0,0,0,3,9,9,3,0,3,0,0,1,1,3,0,2,3,82,slaby
FF3664,0,0,0,0,15,5,5,10,0,15,0,0,0,0,0,0,3,9,9,3,0,3,0,0,1,1,3,1,2,3,88,slaby
FF3665,0,0,0,0,0,0,0,10,0,5,0,0,0,0,0,0,0,3,6,3,0,3,0,0,1,0,3,1,1,3,39,zly
FF3670,0,0,0,0,0,0,0,10,0,5,0,0,0,0,0,0,0,3,6,12,0,3,0,0,1,0,3,0,1,3,47,zly
FF3671,0,0,0,0,0,5,5,20,0,20,0,0,0,0,0,0,3,12,12,3,0,0,0,0,1,1,4,0,4,3,93,slaby
FF3672,0,0,0,0,0,5,5,10,0,15,0,0,0,0,0,0,3,9,9,3,0,3,0,0,1,1,3,1,2,3,73,zly
FF3673,0,0,0,0,5,5,5,10,0,15,0,0,0,0,0,0,3,9,9,3,0,3,0,0,1,1,3,1,2,3,78,zly
FF3674,0,0,0,0,0,5,5,10,0,15,0,0,0,0,0,0,3,9,9,3,0,3,0,0,1,1,3,0,2,3,72,zly
FF3675,0,0,0,0,5,0,0,20,0,5,0,0,0,0,0,0,0,3,6,9,0,3,0,0,1,0,3,1,1,3,60,zly
FF3676,5,15,10,5,0,0,0,10,0,5,3,3,6,3,3,0,0,3,6,12,1,1,1,1,2,0,2,0,1,1,99,slaby
FF3677,5,20,15,15,0,0,0,5,0,5,3,12,6,3,3,0,0,3,3,3,1,1,1,1,2,0,1,0,0,1,109,slaby
FF3678,0,0,5,0,0,0,0,10,0,5,3,0,0,3,3,0,0,3,6,3,0,0,0,0,1,0,2,1,1,1,47,zly
FF3679,0,0,0,0,0,0,0,10,0,5,0,0,0,0,0,0,0,3,6,9,0,0,0,0,1,0,2,1,1,1,39,zly
FF3680,5,10,5,20,15,0,0,5,0,5,3,12,3,3,3,0,0,3,3,3,1,2,2,1,2,0,1,0,0,1,108,slaby
FF3681,5,10,5,5,5,5,5,10,0,10,3,3,6,3,3,0,3,6,6,9,1,1,1,1,2,1,2,1,1,1,114,slaby
FF3682,5,10,5,5,0,5,5,5,0,5,3,3,6,3,6,0,3,3,3,6,2,2,2,2,2,1,1,0,1,1,95,slaby
FF3683,5,10,5,10,0,0,0,5,0,0,3,6,6,3,3,0,0,0,0,3,3,1,2,3,2,0,1,0,0,1,72,zly
FF3684,5,10,5,5,0,5,5,5,0,5,3,3,3,3,3,0,3,3,3,6,1,2,1,1,2,1,1,1,1,1,87,slaby
FF3685,0,0,0,0,0,5,5,10,0,5,0,0,0,0,0,0,3,3,6,3,0,3,0,0,1,1,3,1,1,3,53,zly
FF3686,0,0,0,0,0,0,0,10,0,5,0,0,0,0,0,0,0,3,6,3,0,3,0,0,1,0,3,1,1,3,39,zly
FF3687,0,0,5,0,0,0,0,20,0,5,3,0,0,3,3,0,0,3,6,9,0,0,0,0,1,0,2,0,1,1,62,zly
FF3688,5,10,5,5,5,0,0,5,0,5,3,3,6,3,3,0,0,3,3,3,1,1,1,1,2,0,1,0,0,1,75,zly
FF3689,5,10,5,5,0,0,0,5,0,5,3,3,3,3,3,0,0,3,3,3,1,1,1,1,2,0,1,0,0,1,67,zly
FF3690,5,10,5,5,0,5,5,10,5,10,3,3,6,3,3,3,3,6,6,9,1,1,1,1,2,1,2,1,1,1,117,slaby
FF3691,5,20,15,15,0,5,5,5,0,5,3,12,6,3,3,0,3,3,3,3,1,1,1,1,2,1,1,0,1,1,124,umiarkowany
FF3692,5,10,5,20,0,0,0,0,0,0,3,12,6,3,3,0,0,0,0,0,1,1,1,1,2,0,0,0,0,0,73,zly
FF3693,5,10,5,20,0,0,0,5,0,0,3,12,6,3,3,0,0,0,0,3,4,3,3,4,2,0,1,0,0,0,92,slaby
FF3694,5,10,5,5,0,0,0,10,0,5,3,3,6,3,3,0,0,3,6,6,1,2,2,1,2,0,2,1,1,1,86,slaby
FF3695,0,0,0,0,0,5,5,10,0,5,0,0,0,0,0,0,3,3,6,3,0,3,0,0,1,1,3,1,1,3,53,zly
FF3696,0,0,0,0,0,5,5,20,0,5,0,0,0,0,0,0,3,3,6,3,0,3,0,0,1,1,3,1,1,3,63,zly
FF3697,0,0,5,0,0,0,0,20,0,5,3,0,0,3,3,0,0,3,6,9,0,3,0,0,1,0,3,1,1,3,69,zly
FF3698,5,10,5,15,0,0,0,5,0,5,3,12,6,3,3,0,0,3,3,3,1,1,1,1,2,0,1,0,0,1,89,slaby
FF3699,5,10,5,20,5,0,0,5,0,0,3,12,6,3,3,0,0,0,0,3,1,1,1,1,2,0,1,1,0,0,88,slaby
FF3760,5,10,5,5,0,0,0,10,0,5,3,3,6,3,3,0,0,3,3,9,1,1,1,1,2,0,1,0,1,1,82,slaby
FF3761,5,10,5,20,0,0,0,5,0,0,3,12,3,3,3,0,0,0,0,3,1,1,1,1,2,0,1,0,0,1,80,zly
FF3762,5,10,5,5,5,0,0,5,0,5,3,3,6,3,3,0,0,3,3,3,1,1,1,1,2,0,1,1,0,1,76,zly
FF3770,5,20,20,20,0,0,0,5,0,5,3,12,6,3,3,0,0,3,3,3,1,1,1,1,2,0,1,0,0,1,119,umiarkowany
FF3771,5,10,5,5,0,0,0,5,5,5,3,3,3,3,3,3,0,3,3,3,1,1,1,1,2,0,1,1,0,1,76,zly
FF3772,0,0,5,0,5,0,0,10,0,10,3,0,6,3,3,0,0,6,6,3,0,0,0,0,1,0,2,1,1,1,66,zly
FF3780,5,10,5,20,5,0,0,5,5,5,3,12,3,3,3,3,0,3,3,3,1,1,1,1,2,0,1,1,0,1,105,slaby
FF3781,5,10,5,5,5,0,0,5,5,5,3,3,6,3,3,3,0,3,3,6,1,1,1,1,2,0,1,1,0,1,87,slaby
FF3782,0,0,5,0,0,0,0,10,0,5,3,0,0,3,3,0,0,3,6,3,0,0,0,0,1,0,2,0,1,1,46,zly
FF3783,0,0,0,0,0,0,0,10,0,5,0,0,0,0,0,0,0,3,6,3,0,0,0,0,1,0,2,0,1,1,32,zly
FF3790,5,10,5,15,5,0,0,5,0,0,3,12,3,3,3,0,0,0,0,3,1,1,1,1,2,0,1,0,0,1,80,zly
FF3791,5,10,5,5,5,0,0,10,0,5,3,3,6,3,3,0,0,3,3,9,1,1,1,1,0,0,1,0,0,1,84,slaby
FF3792,0,0,0,0,5,0,0,10,0,5,0,0,0,0,0,0,0,3,3,3,0,0,0,0,0,0,1,0,1,1,32,zly
FF3793,0,0,0,0,0,0,0,10,0,5,0,0,0,0,0,0,0,3,6,3,0,0,0,0,0,0,2,0,1,1,31,zly
FF3794,0,0,0,0,0,0,0,10,0,10,0,0,0,0,0,0,0,6,6,3,0,0,0,0,1,0,2,1,1,1,41,zly
FF4505,0,0,0,0,5,0,0,10,0,5,0,0,0,0,0,0,0,3,6,3,0,0,0,0,1,0,2,1,1,1,38,zly
FF4506,0,0,0,0,0,5,5,10,5,5,0,0,0,0,0,3,3,3,6,3,0,3,0,0,1,1,3,2,1,3,62,zly
FF4507,0,0,0,0,0,0,0,10,0,5,0,0,0,0,0,0,0,3,6,3,0,0,0,0,1,0,2,1,1,1,33,zly
FF4508,0,0,0,0,0,0,0,10,0,5,0,0,0,0,0,0,0,3,6,3,0,0,0,0,1,0,2,0,1,1,32,zly
FF4509,0,0,0,0,0,5,5,10,0,15,0,0,0,0,0,0,3,9,9,3,0,3,0,0,1,1,3,0,2,3,72,zly
FF4516,0,0,0,0,5,0,0,10,0,10,0,0,0,0,0,0,0,6,6,9,0,0,0,0,1,0,2,1,1,1,52,zly
FF4517,0,0,0,0,0,0,0,10,0,10,0,0,0,0,0,0,0,6,6,3,0,0,0,0,1,0,2,1,1,1,41,zly
FF4518,0,0,0,0,0,0,0,10,0,20,0,0,0,0,0,0,0,12,12,3,0,0,0,0,1,0,4,1,3,3,69,zly
FF4519,0,0,0,0,0,0,0,10,0,20,0,0,0,0,0,0,0,12,12,3,0,0,0,0,1,0,4,1,3,3,69,zly
FF4526,0,0,0,0,0,0,0,10,0,20,0,0,0,0,0,0,0,12,12,3,0,0,0,0,1,0,4,0,3,3,68,zly
FF4527,0,0,5,0,0,0,0,10,0,15,3,0,6,3,3,0,0,9,9,9,0,3,0,0,1,0,3,0,2,3,84,slaby
FF4528,5,10,5,5,0,0,0,5,0,5,3,3,6,3,3,0,0,3,3,3,1,1,1,1,2,0,1,0,0,1,70,zly
FF4529,5,10,5,20,0,0,0,5,0,5,3,12,6,3,6,0,0,3,3,3,2,2,2,2,2,0,1,0,0,1,101,slaby
FF4536,0,0,0,0,0,0,0,10,0,5,0,0,0,0,0,0,0,3,3,3,0,0,0,0,1,0,1,1,1,1,29,zly
FF4537,0,0,0,0,0,0,0,10,0,5,0,0,0,0,0,0,0,3,3,3,0,0,0,0,1,0,1,0,1,1,28,zly
FF4538,5,10,5,5,15,0,0,5,0,5,3,3,6,3,3,0,0,3,3,3,4,3,3,2,2,0,1,0,0,1,93,slaby
FF4539,5,10,5,20,0,0,0,0,0,0,3,12,6,3,6,0,0,0,0,0,2,2,2,2,2,0,0,0,0,0,80,zly
FF4546,0,0,5,0,0,0,0,10,0,10,3,0,0,3,3,0,0,6,6,12,0,0,0,0,1,0,2,1,1,1,64,zly
FF4547,0,0,0,0,0,0,0,10,0,5,0,0,0,0,0,0,0,3,6,3,0,3,0,0,1,0,3,0,1,3,38,zly
FF4548,5,10,5,15,0,0,0,5,0,5,3,12,6,3,6,0,0,3,3,3,2,2,2,2,2,0,1,0,0,1,96,slaby
FF4549,5,10,5,5,15,0,0,5,0,0,3,3,3,3,3,0,0,0,0,3,1,2,1,1,2,0,1,0,0,1,72,zly
FF4556,0,10,5,0,0,0,0,10,0,5,3,0,0,3,3,0,0,3,6,12,0,0,0,0,1,0,2,0,1,1,65,zly
FF4557,0,0,5,0,0,0,0,10,0,5,3,0,0,3,3,0,0,3,6,9,0,0,0,0,1,0,2,1,1,1,53,zly
FF4558,5,10,5,5,0,0,0,10,0,5,3,3,6,3,3,0,0,3,6,6,1,2,2,1,2,0,2,1,1,1,86,slaby
FF4559,5,10,5,5,0,0,0,10,0,5,3,3,6,3,3,0,0,3,3,9,1,1,1,1,2,0,1,1,1,1,83,slaby
FF4567,5,10,5,0,0,0,0,10,0,5,0,0,0,0,0,0,0,3,3,9,0,0,0,0,2,0,1,1,1,1,56,zly
FF4568,0,0,5,0,0,0,0,10,0,5,3,0,6,3,3,0,0,3,3,9,0,0,0,0,1,0,1,1,1,1,55,zly
FF4569,0,5,0,0,0,0,0,10,5,5,3,0,0,0,0,3,0,3,3,9,0,0,0,0,2,0,1,1,1,1,52,zly
FF4577,0,0,5,0,0,0,0,20,0,5,3,0,0,3,3,0,0,3,6,3,0,0,0,0,1,0,2,1,1,1,57,zly
FF4578,5,10,5,5,0,0,0,10,0,5,3,3,6,3,3,0,0,3,3,6,1,1,1,1,2,0,1,1,1,1,80,zly
FF4579,5,15,10,5,0,0,0,10,0,5,3,3,6,3,3,0,0,3,3,12,1,1,1,1,0,0,1,0,0,1,92,slaby
FF4589,5,10,5,5,0,0,0,5,0,5,3,6,6,3,3,0,0,3,3,3,1,1,1,1,0,0,1,0,0,1,71,zly
FF4600,0,0,5,0,0,5,5,10,5,15,3,0,6,3,3,3,3,9,9,3,0,3,0,0,1,1,3,2,2,3,102,slaby
FF4601,5,10,5,15,0,0,0,5,0,0,3,12,3,3,3,0,0,0,0,3,1,2,1,1,2,0,1,0,0,1,76,zly
FF4602,5,10,5,20,0,0,0,0,0,0,3,12,6,3,6,0,0,0,0,0,2,2,2,2,2,0,0,0,0,0,80,zly
FF4603,5,10,5,20,0,0,0,0,0,0,6,12,3,3,3,0,0,0,0,0,1,1,1,1,2,0,0,0,0,0,73,zly
FF4604,5,10,5,5,5,0,0,5,0,5,3,3,6,3,6,0,0,3,3,3,2,2,2,2,2,0,1,1,0,1,83,slaby
FF4605,0,0,0,0,0,0,0,10,0,5,0,0,0,0,0,0,0,3,6,3,0,0,0,0,1,0,4,1,1,3,37,zly
FF4606,0,0,5,0,5,5,5,10,0,5,3,0,6,3,3,0,3,3,6,3,0,0,0,0,1,1,2,1,1,1,72,zly
FF4607,0,0,0,0,0,5,5,10,0,5,0,0,0,0,0,0,3,3,6,3,0,3,0,0,1,1,3,1,1,3,53,zly
FF4608,0,0,5,0,0,0,0,10,0,5,3,0,6,3,3,0,0,3,6,9,0,0,0,0,1,0,2,1,1,1,59,zly
FF4609,5,10,5,10,0,0,0,5,0,0,3,6,3,3,3,0,0,0,0,3,1,1,1,1,2,0,1,0,0,1,64,zly
FF4610,5,20,15,15,0,0,0,5,0,5,3,12,3,3,3,0,0,3,3,3,1,2,2,1,2,0,1,0,1,1,109,slaby
FF4611,5,10,5,15,0,0,0,0,0,0,3,12,6,3,6,0,0,0,0,0,2,2,2,2,2,0,0,1,0,0,76,zly
FF4612,5,10,5,20,0,0,0,0,0,0,3,12,6,3,6,0,0,0,0,0,2,2,2,2,2,0,0,0,0,0,80,zly
FF4613,5,10,5,20,0,0,0,0,0,0,3,12,3,3,3,0,0,0,0,0,1,2,1,1,2,0,0,0,0,0,71,zly
FF4614,5,10,5,20,0,0,0,0,0,0,3,12,3,3,3,0,0,0,0,0,1,2,2,1,2,0,0,1,0,0,73,zly
FF4615,5,10,5,15,0,0,0,5,0,5,3,12,3,3,3,0,0,3,3,3,1,1,1,1,2,0,1,0,0,1,86,slaby
FF4616,5,10,5,5,0,0,0,10,5,5,3,3,6,3,3,3,0,3,6,9,1,1,1,1,2,0,2,1,1,1,95,slaby
FF4617,0,0,0,0,0,5,5,20,5,5,0,0,0,0,0,3,3,3,6,3,0,0,0,0,1,1,4,2,1,3,70,zly
FF4618,0,0,0,0,0,0,0,10,0,5,0,0,0,0,0,0,0,3,6,3,0,0,0,0,1,0,4,0,1,3,36,zly
FF4619,5,10,5,15,15,0,0,5,0,5,3,12,3,3,3,0,0,3,3,3,1,1,1,1,2,0,1,0,0,1,101,slaby
FF4620,5,10,5,20,0,0,0,0,0,0,3,12,3,3,6,0,0,0,0,0,2,2,2,2,2,0,0,0,0,0,77,zly
FF4621,5,10,5,15,0,0,0,5,0,0,3,12,6,3,6,0,0,0,0,3,2,2,2,2,2,0,1,0,0,0,84,slaby
FF4622,5,10,5,5,0,0,0,5,0,5,3,3,3,3,3,0,0,3,3,3,1,1,1,1,2,0,1,0,0,1,67,zly
FF4623,5,10,5,5,0,0,0,5,0,0,6,3,3,3,6,0,0,0,0,3,2,2,2,2,2,0,1,0,0,0,65,zly
FF4624,5,10,5,15,15,0,0,5,0,5,3,12,3,3,6,0,0,3,3,3,2,2,2,2,2,0,1,0,0,1,108,slaby
FF4625,5,20,20,20,5,0,0,5,0,5,3,12,3,3,3,0,0,3,3,3,1,1,1,1,2,0,1,0,1,1,122,umiarkowany
FF4626,0,0,5,0,5,0,0,10,0,5,3,0,6,3,3,0,0,3,6,9,0,3,0,0,1,0,3,0,1,3,69,zly
FF4627,0,0,0,0,0,0,0,10,0,5,0,0,0,0,0,0,0,3,6,3,0,0,0,0,1,0,4,1,1,3,37,zly
FF4628,5,15,10,5,0,0,0,10,0,5,3,3,3,3,3,0,0,3,6,12,1,1,1,1,2,0,2,0,1,1,96,slaby
FF4629,5,10,5,5,5,0,0,5,0,5,3,3,6,3,3,0,0,3,3,3,1,1,1,1,2,0,1,0,0,1,75,zly
FF4630,5,10,5,15,0,0,0,0,0,0,3,12,3,3,6,0,0,0,0,0,2,2,2,2,2,0,0,0,0,0,72,zly
FF4631,5,10,5,5,0,0,0,10,5,5,3,3,3,3,3,3,0,3,3,6,1,2,1,1,2,0,1,1,1,1,86,slaby
FF4632,0,0,5,0,0,0,0,20,0,5,3,0,6,3,3,0,0,3,6,9,0,0,0,0,1,0,2,1,1,1,69,zly
FF4633,5,10,5,5,0,0,0,20,0,5,3,3,3,3,3,0,0,3,3,9,1,1,1,1,0,0,1,0,1,1,87,slaby
FF4634,5,10,5,20,15,0,0,5,0,0,3,12,3,3,3,0,0,0,0,3,1,1,1,1,2,0,1,0,0,1,95,slaby
FF4635,5,10,5,15,20,0,0,5,0,5,3,12,3,3,3,0,0,3,3,3,1,1,1,1,2,0,1,1,0,1,107,slaby
FF4636,5,20,20,20,0,0,0,5,0,5,6,12,3,3,6,0,0,3,3,3,2,2,2,2,2,0,1,1,1,1,128,umiarkowany
FF4637,5,10,5,5,15,0,0,10,0,5,3,3,3,3,3,0,0,3,6,9,1,1,1,1,2,0,2,0,1,1,98,slaby
FF4638,5,10,5,10,0,0,0,5,0,0,3,6,3,3,3,0,0,0,0,3,1,1,1,1,2,0,1,0,0,1,64,zly
FF4639,5,10,5,15,5,0,0,5,0,5,3,12,3,3,3,0,0,3,3,3,1,1,1,1,2,0,1,0,0,1,91,slaby
FF4640,5,10,5,5,5,0,0,10,0,5,3,3,3,3,3,0,0,3,3,6,1,1,1,1,2,0,1,1,1,1,82,slaby
FF4641,0,0,5,0,0,0,0,10,0,5,3,0,6,3,3,0,0,3,6,9,0,0,0,0,1,0,2,1,1,1,59,zly
FF4642,0,0,0,0,0,0,0,10,0,5,0,0,0,0,0,0,0,3,6,3,0,3,0,0,1,0,3,1,1,3,39,zly
FF4643,5,10,5,5,0,0,0,10,0,5,3,3,6,3,3,0,0,3,3,9,1,1,1,1,0,0,1,1,1,1,81,zly
FF4644,5,10,5,5,15,0,0,5,0,5,3,3,3,3,3,0,0,3,3,3,1,1,1,1,2,0,1,1,0,1,83,slaby
FF4645,0,0,5,0,0,0,0,10,5,5,3,0,6,3,3,3,0,3,6,9,0,0,0,0,1,0,2,2,1,1,68,zly
FF4646,5,10,5,5,0,0,0,10,0,5,3,3,3,3,3,0,0,3,3,9,1,2,1,1,2,0,1,1,1,1,81,zly
FF4647,5,10,5,5,20,0,0,5,0,5,3,3,6,3,3,0,0,3,3,6,1,1,1,1,2,0,1,0,0,1,93,slaby
FF4648,5,10,5,5,20,0,0,5,0,5,3,3,6,3,3,0,0,3,3,3,1,1,1,1,2,0,1,1,0,1,91,slaby
FF4649,5,10,5,5,5,0,0,5,0,5,3,3,6,3,3,0,0,3,3,3,1,1,1,1,2,0,1,1,0,1,76,zly
FF4650,0,0,5,0,0,0,0,20,0,5,3,0,0,3,3,0,0,3,6,9,0,0,0,0,1,0,2,1,1,1,63,zly
FF4651,0,0,5,0,0,0,0,10,5,5,3,0,6,3,3,6,0,3,6,9,0,0,0,0,1,0,2,1,1,1,70,zly
FF4652,5,10,5,5,0,0,0,10,0,5,3,3,6,3,3,0,0,3,6,9,1,1,1,1,2,0,2,1,1,1,87,slaby
FF4653,5,10,5,5,0,0,0,10,0,5,3,3,6,3,3,0,0,3,6,6,1,1,1,1,2,0,2,1,1,1,84,slaby
FF4654,0,0,0,0,0,0,0,10,0,5,0,0,0,0,0,0,0,3,6,3,0,3,0,0,1,0,3,1,1,3,39,zly
FF4655,0,0,0,0,0,0,0,10,5,5,0,0,0,0,0,3,0,3,6,9,0,3,0,0,1,0,3,2,1,3,54,zly
FF4656,0,0,0,0,5,0,0,10,0,5,0,0,0,0,0,0,0,3,6,9,0,3,0,0,1,0,3,1,1,3,50,zly
FF4657,0,0,5,0,5,0,0,10,0,5,3,0,0,3,3,0,0,3,6,9,0,0,0,0,1,0,2,1,1,1,58,zly
FF4658,0,0,5,0,5,0,0,10,0,10,3,0,0,3,3,0,0,6,6,9,0,0,0,0,1,0,2,1,1,1,66,zly
FF4659,0,0,0,0,5,0,0,10,0,10,0,0,0,0,0,0,0,6,6,3,0,0,0,0,1,0,2,1,1,1,46,zly
FF4660,0,0,5,0,0,0,0,10,0,5,3,0,6,3,3,0,0,3,6,3,0,0,0,0,1,0,2,1,1,1,53,zly
FF4661,5,10,5,5,0,0,0,10,0,5,3,3,6,3,3,0,0,3,3,6,1,1,1,1,2,0,1,1,1,1,80,zly
FF4662,0,0,0,0,0,0,0,10,5,5,0,0,0,0,0,3,0,3,6,3,0,0,0,0,1,0,2,1,1,1,41,zly
FF4663,0,0,0,0,0,0,0,10,0,5,0,0,0,0,0,0,0,3,6,9,0,3,0,0,1,0,3,1,1,3,45,zly
FF4664,0,0,0,0,0,0,0,20,0,5,0,0,0,0,0,0,0,3,6,3,0,0,0,0,1,0,4,0,1,3,46,zly
FF4665,0,0,5,0,0,0,0,10,0,5,3,0,0,3,3,0,0,3,6,12,0,0,0,0,1,0,2,1,1,1,56,zly
FF4666,0,0,5,0,0,0,0,10,0,5,3,0,0,3,3,0,0,3,3,9,0,0,0,0,1,0,1,0,1,1,48,zly
FF4667,0,0,0,0,5,0,0,10,0,10,0,0,0,0,0,0,0,6,6,3,0,0,0,0,1,0,2,1,1,1,46,zly
FF4668,0,0,0,0,5,0,0,20,0,5,0,0,0,0,0,0,0,3,3,9,0,0,0,0,1,0,1,1,1,1,50,zly
FF4669,0,0,0,0,0,0,0,20,0,5,0,0,0,0,0,0,0,3,3,3,0,0,0,0,1,0,1,1,1,1,39,zly
FF4670,0,0,5,0,0,0,0,10,0,5,3,0,6,3,3,0,0,3,3,3,0,0,0,0,1,0,1,1,1,1,49,zly
FF4671,0,0,5,0,0,0,0,10,0,5,3,0,6,3,3,0,0,3,6,9,0,0,0,0,1,0,2,1,1,1,59,zly
FF4672,0,0,0,0,0,0,0,10,0,5,0,0,0,0,0,0,0,3,6,9,0,3,0,0,0,0,3,1,1,1,42,zly
FF4673,0,15,10,0,0,0,0,10,0,5,3,0,6,3,3,0,0,3,6,12,0,0,0,0,0,0,2,0,1,1,80,zly
FF4676,0,0,0,0,5,0,0,10,0,10,0,0,0,0,0,0,0,6,6,3,0,0,0,0,1,0,2,1,1,1,46,zly
FF4677,0,0,0,0,0,0,0,10,0,5,0,0,0,0,0,0,0,3,3,3,0,0,0,0,1,0,1,1,1,1,29,zly
FF4678,0,0,0,0,0,0,0,10,0,5,0,0,0,0,0,0,0,3,3,3,0,0,0,0,1,0,1,1,1,1,29,zly
FF4679,5,10,5,5,5,0,0,10,0,5,3,3,6,3,3,0,0,3,3,9,1,1,1,1,2,0,1,1,0,1,87,slaby
FF4680,0,0,0,0,0,0,0,10,0,5,0,0,0,0,0,0,0,3,3,9,0,0,0,0,1,0,1,1,0,1,34,zly
FF4681,0,0,0,0,0,0,0,10,5,5,0,0,0,0,0,3,0,3,3,3,0,0,0,0,1,0,1,1,1,1,37,zly
FF4682,0,0,0,0,0,0,0,10,0,5,3,0,0,0,0,0,0,3,6,12,0,0,0,0,0,0,2,1,1,1,44,zly
FF4690,0,0,0,0,0,0,0,10,0,5,0,0,0,0,0,0,0,3,6,3,0,3,0,0,1,0,3,1,1,3,39,zly
FF4691,0,0,0,0,0,0,0,10,0,5,0,0,0,0,0,0,0,3,6,3,0,0,0,0,1,0,2,1,1,1,33,zly
FF4692,5,15,10,5,0,0,0,10,0,5,3,3,6,3,3,0,0,3,3,12,1,1,1,1,2,0,1,0,1,1,95,slaby
FF4700,5,10,5,10,5,0,0,5,0,0,3,6,6,3,3,0,0,0,0,3,1,1,1,1,2,0,1,0,0,1,72,zly
FF4701,5,10,5,5,5,0,0,0,0,0,3,6,0,3,3,0,0,0,0,0,1,1,1,1,2,0,0,0,0,0,51,zly
FF4702,5,10,5,5,5,0,0,10,0,5,3,3,0,3,3,0,0,3,3,12,1,1,1,1,2,0,1,1,1,1,85,slaby
FF4703,0,0,0,0,5,0,0,10,0,5,0,0,0,0,0,0,0,3,6,3,0,0,0,0,1,0,2,0,1,1,37,zly
FF4704,0,0,0,0,0,0,0,10,0,5,0,0,0,0,0,0,0,3,3,3,0,0,0,0,1,0,1,0,1,1,28,zly
FF4710,5,10,5,15,5,0,0,5,0,5,3,12,6,3,3,0,0,3,3,3,1,1,1,1,2,0,1,0,0,1,94,slaby
FF4711,5,10,5,5,5,0,0,5,0,5,3,3,6,3,3,0,0,3,3,6,1,1,1,1,2,0,1,1,1,1,80,zly
FF4712,5,10,5,5,0,0,0,5,0,5,3,3,0,3,3,0,0,3,3,3,1,1,1,1,2,0,1,0,1,1,65,zly
FF4713,0,0,0,0,5,0,0,10,0,10,0,0,0,0,0,0,0,6,6,3,0,0,0,0,1,0,2,0,1,1,45,zly
FF4714,0,0,0,0,0,0,0,10,0,10,0,0,0,0,0,0,0,6,6,3,0,0,0,0,1,0,2,1,1,1,41,zly
FF4720,5,10,5,5,5,0,0,5,0,5,3,3,6,3,3,0,0,3,3,6,1,1,1,1,2,0,1,0,1,1,79,zly
FF4721,0,0,0,0,15,0,0,10,0,15,0,0,0,0,0,0,0,9,9,3,0,3,0,0,1,0,3,1,2,3,74,zly
FF4722,0,0,0,0,0,0,0,10,0,10,0,0,0,0,0,0,0,6,6,3,0,0,0,0,1,0,2,1,1,1,41,zly
FF4723,0,0,0,0,0,0,0,10,0,5,0,0,0,0,0,0,0,3,3,3,0,0,0,0,0,0,1,0,1,1,27,zly
FF4730,5,10,5,5,5,0,0,5,0,5,3,3,6,3,3,0,0,3,3,6,1,1,1,1,2,0,1,1,1,1,80,zly
FF4731,0,0,0,0,5,0,0,10,0,10,0,0,0,0,0,0,0,6,6,3,0,0,0,0,1,0,2,1,1,1,46,zly
FF4732,0,0,0,0,5,0,0,10,0,5,0,0,0,0,0,0,0,3,3,3,0,0,0,0,0,0,1,0,1,1,32,zly
FF4733,0,0,0,0,5,0,0,10,0,5,0,0,0,0,0,0,0,3,3,3,0,0,0,0,0,0,1,0,1,1,32,zly
FF4740,0,0,0,0,5,0,0,10,0,10,0,0,0,0,0,0,0,6,6,3,0,0,0,0,1,0,2,1,1,1,46,zly
FF4741,0,0,0,0,0,0,0,10,0,5,0,0,0,0,0,0,0,3,3,3,0,0,0,0,1,0,1,0,0,1,27,zly
FF4742,0,0,0,0,0,0,0,10,0,0,0,0,0,0,0,0,0,0,0,3,0,0,0,0,0,0,1,0,0,1,15,zly
FF4750,0,0,0,0,5,0,0,10,0,5,0,0,0,0,0,0,0,3,3,3,0,0,0,0,1,0,1,0,1,1,33,zly
FF4751,0,0,0,0,0,0,0,10,0,5,0,0,0,0,0,0,0,3,3,3,0,0,0,0,1,0,1,0,0,1,27,zly
FF4760,0,0,0,0,5,0,0,10,0,5,0,0,0,0,0,0,0,3,3,3,0,0,0,0,1,0,1,1,0,1,33,zly
