0,1,2,3,4,5
FF3565,34,zly,FF3565,30,zly
FF3567,34,zly,FF3567,30,zly
FF3568,34,zly,FF3568,30,zly
FF3569,34,zly,FF3569,30,zly
FF3575,33,zly,FF3575,39,zly
FF3576,31,zly,FF3576,37,zly
FF3577,34,zly,FF3577,30,zly
FF3578,42,zly,FF3578,36,zly
FF3579,42,zly,FF3579,30,zly
FF3585,19,zly,FF3585,49,zly
FF3586,33,zly,FF3586,41,zly
FF3587,38,zly,FF3587,36,zly
FF3588,38,zly,FF3588,31,zly
FF3589,47,zly,FF3589,31,zly
FF3595,19,zly,FF3595,40,zly
FF3596,19,zly,FF3596,30,zly
FF3597,34,zly,FF3597,30,zly
FF3598,35,zly,FF3598,30,zly
FF3599,32,zly,FF3599,30,zly
FF3652,35,zly,FF3652,30,zly
FF3653,33,zly,FF3653,30,zly
FF3654,35,zly,FF3654,36,zly
FF3655,25,zly,FF3655,36,zly
FF3660,15,zly,FF3660,30,zly
FF3661,15,zly,FF3661,36,zly
FF3662,15,zly,FF3662,36,zly
FF3663,15,zly,FF3663,36,zly
FF3664,19,zly,FF3664,36,zly
FF3665,15,zly,FF3665,30,zly
FF3670,32,zly,FF3670,30,zly
FF3671,15,zly,FF3671,40,zly
FF3672,22,zly,FF3672,44,zly
FF3673,35,zly,FF3673,42,zly
FF3674,32,zly,FF3674,35,zly
FF3675,17,zly,FF3675,30,zly
FF3676,33,zly,FF3676,30,zly
FF3677,36,zly,FF3677,30,zly
FF3678,36,zly,FF3678,36,zly
FF3679,30,zly,FF3679,30,zly
FF3680,41,zly,FF3680,36,zly
FF3681,41,zly,FF3681,44,zly
FF3682,44,zly,FF3682,44,zly
FF3683,39,zly,FF3683,25,zly
FF3684,44,zly,FF3684,35,zly
FF3685,19,zly,FF3685,36,zly
FF3686,15,zly,FF3686,35,zly
FF3687,34,zly,FF3687,35,zly
FF3688,34,zly,FF3688,36,zly
FF3689,34,zly,FF3689,30,zly
FF3690,33,zly,FF3690,41,zly
FF3691,46,zly,FF3691,36,zly
FF3692,42,zly,FF3692,19,zly
FF3693,39,zly,FF3693,19,zly
FF3694,43,zly,FF3694,36,zly
FF3695,19,zly,FF3695,36,zly
FF3696,15,zly,FF3696,36,zly
FF3697,33,zly,FF3697,30,zly
FF3698,34,zly,FF3698,25,zly
FF3699,34,zly,FF3699,23,zly
FF3760,31,zly,FF3760,30,zly
FF3761,36,zly,FF3761,25,zly
FF3762,33,zly,FF3762,30,zly
FF3770,33,zly,FF3770,30,zly
FF3771,37,zly,FF3771,36,zly
FF3772,34,zly,FF3772,36,zly
FF3780,39,zly,FF3780,37,zly
FF3781,42,zly,FF3781,47,zly
FF3782,31,zly,FF3782,30,zly
FF3783,15,zly,FF3783,30,zly
FF3790,40,zly,FF3790,31,zly
FF3791,35,zly,FF3791,30,zly
FF3792,15,zly,FF3792,30,zly
FF3793,15,zly,FF3793,30,zly
FF3794,19,zly,FF3794,30,zly
FF4505,19,zly,FF4505,36,zly
FF4506,19,zly,FF4506,36,zly
FF4507,24,zly,FF4507,30,zly
FF4508,16,zly,FF4508,30,zly
FF4509,20,zly,FF4509,44,zly
FF4516,29,zly,FF4516,36,zly
FF4517,20,zly,FF4517,38,zly
FF4518,23,zly,FF4518,38,zly
FF4519,37,zly,FF4519,44,zly
FF4526,19,zly,FF4526,38,zly
FF4527,37,zly,FF4527,38,zly
FF4528,41,zly,FF4528,33,zly
FF4529,43,zly,FF4529,25,zly
FF4536,19,zly,FF4536,30,zly
FF4537,26,zly,FF4537,36,zly
FF4538,44,zly,FF4538,25,zly
FF4539,45,zly,FF4539,19,zly
FF4546,26,zly,FF4546,30,zly
FF4547,21,zly,FF4547,36,zly
FF4548,43,zly,FF4548,25,zly
FF4549,45,zly,FF4549,25,zly
FF4556,29,zly,FF4556,30,zly
FF4557,34,zly,FF4557,36,zly
FF4558,43,zly,FF4558,36,zly
FF4559,38,zly,FF4559,36,zly
FF4567,33,zly,FF4567,30,zly
FF4568,33,zly,FF4568,36,zly
FF4569,33,zly,FF4569,30,zly
FF4577,31,zly,FF4577,30,zly
FF4578,36,zly,FF4578,36,zly
FF4579,34,zly,FF4579,30,zly
FF4589,36,zly,FF4589,30,zly
FF4600,37,zly,FF4600,44,zly
FF4601,41,zly,FF4601,25,zly
FF4602,49,zly,FF4602,19,zly
FF4603,40,zly,FF4603,22,zly
FF4604,40,zly,FF4604,30,zly
FF4605,15,zly,FF4605,30,zly
FF4606,36,zly,FF4606,36,zly
FF4607,33,zly,FF4607,36,zly
FF4608,32,zly,FF4608,30,zly
FF4609,33,zly,FF4609,25,zly
FF4610,44,zly,FF4610,44,zly
FF4611,39,zly,FF4611,19,zly
FF4612,43,zly,FF4612,28,zly
FF4613,38,zly,FF4613,22,zly
FF4614,40,zly,FF4614,19,zly
FF4615,36,zly,FF4615,29,zly
FF4616,36,zly,FF4616,36,zly
FF4617,15,zly,FF4617,36,zly
FF4618,21,zly,FF4618,30,zly
FF4619,43,zly,FF4619,43,zly
FF4620,42,zly,FF4620,31,zly
FF4621,42,zly,FF4621,31,zly
FF4622,37,zly,FF4622,25,zly
FF4623,41,zly,FF4623,19,zly
FF4624,44,zly,FF4624,31,zly
FF4625,46,zly,FF4625,36,zly
FF4626,36,zly,FF4626,30,zly
FF4627,15,zly,FF4627,36,zly
FF4628,35,zly,FF4628,30,zly
FF4629,34,zly,FF4629,30,zly
FF4630,43,zly,FF4630,19,zly
FF4631,42,zly,FF4631,36,zly
FF4632,39,zly,FF4632,30,zly
FF4633,36,zly,FF4633,30,zly
FF4634,42,zly,FF4634,19,zly
FF4635,46,zly,FF4635,31,zly
FF4636,41,zly,FF4636,30,zly
FF4637,34,zly,FF4637,36,zly
FF4638,36,zly,FF4638,19,zly
FF4639,34,zly,FF4639,25,zly
FF4640,41,zly,FF4640,36,zly
FF4641,38,zly,FF4641,36,zly
FF4642,30,zly,FF4642,30,zly
FF4643,36,zly,FF4643,30,zly
FF4644,34,zly,FF4644,25,zly
FF4645,34,zly,FF4645,36,zly
FF4646,35,zly,FF4646,30,zly
FF4647,36,zly,FF4647,36,zly
FF4648,36,zly,FF4648,30,zly
FF4649,36,zly,FF4649,30,zly
FF4650,33,zly,FF4650,36,zly
FF4651,38,zly,FF4651,36,zly
FF4652,34,zly,FF4652,30,zly
FF4653,36,zly,FF4653,40,zly
FF4654,33,zly,FF4654,36,zly
FF4655,30,zly,FF4655,36,zly
FF4656,28,zly,FF4656,30,zly
FF4657,34,zly,FF4657,30,zly
FF4658,33,zly,FF4658,36,zly
FF4659,30,zly,FF4659,36,zly
FF4660,30,zly,FF4660,36,zly
FF4661,36,zly,FF4661,39,zly
FF4662,33,zly,FF4662,36,zly
FF4663,19,zly,FF4663,36,zly
FF4664,19,zly,FF4664,30,zly
FF4665,31,zly,FF4665,30,zly
FF4666,31,zly,FF4666,30,zly
FF4667,17,zly,FF4667,36,zly
FF4668,30,zly,FF4668,36,zly
FF4669,15,zly,FF4669,30,zly
FF4670,35,zly,FF4670,41,zly
FF4671,36,zly,FF4671,39,zly
FF4672,30,zly,FF4672,30,zly
FF4673,31,zly,FF4673,30,zly
FF4676,19,zly,FF4676,36,zly
FF4677,17,zly,FF4677,36,zly
FF4678,17,zly,FF4678,36,zly
FF4679,41,zly,FF4679,35,zly
FF4680,32,zly,FF4680,36,zly
FF4681,19,zly,FF4681,36,zly
FF4682,31,zly,FF4682,30,zly
FF4690,20,zly,FF4690,36,zly
FF4691,15,zly,FF4691,30,zly
FF4692,34,zly,FF4692,30,zly
FF4700,33,zly,FF4700,25,zly
FF4701,35,zly,FF4701,23,zly
FF4702,35,zly,FF4702,48,zly
FF4703,19,zly,FF4703,36,zly
FF4704,19,zly,FF4704,36,zly
FF4710,33,zly,FF4710,46,zly
FF4711,35,zly,FF4711,36,zly
FF4712,36,zly,FF4712,36,zly
FF4713,25,zly,FF4713,36,zly
FF4714,19,zly,FF4714,36,zly
FF4720,35,zly,FF4720,30,zly
FF4721,32,zly,FF4721,45,zly
FF4722,33,zly,FF4722,36,zly
FF4723,13,zly,FF4723,30,zly
FF4730,35,zly,FF4730,36,zly
FF4731,33,zly,FF4731,36,zly
FF4732,21,zly,FF4732,30,zly
FF4733,13,zly,FF4733,30,zly
FF4740,30,zly,FF4740,36,zly
FF4741,15,zly,FF4741,30,zly
FF4742,15,zly,FF4742,30,zly
FF4750,19,zly,FF4750,36,zly
FF4751,19,zly,FF4751,30,zly
FF4760,15,zly,FF4760,30,zly
