oczko, wartości_LS[suma, interpretacja], oczko, wartości_NL[suma, interpretacja]
FF3794,"[0, 'zly']",FF3794,"[59, 'slaby']"
FF4704,"[0, 'zly']",FF4704,"[72, 'umiarkowany']"
FF4714,"[0, 'zly']",FF4714,"[61, 'slaby']"
FF3783,"[0, 'zly']",FF3783,"[44, 'zly']"
FF3793,"[0, 'zly']",FF3793,"[25, 'zly']"
FF4703,"[0, 'zly']",FF4703,"[78, 'dobry']"
FF4713,"[0, 'zly']",FF4713,"[70, 'umiarkowany']"
FF4723,"[0, 'zly']",FF4723,"[33, 'zly']"
FF4733,"[0, 'zly']",FF4733,"[35, 'zly']"
FF3762,"[64, 'slaby']",FF3762,"[0, 'zly']"
FF3772,"[0, 'zly']",FF3772,"[72, 'umiarkowany']"
FF3782,"[0, 'zly']",FF3782,"[48, 'zly']"
FF3792,"[0, 'zly']",FF3792,"[38, 'zly']"
FF4702,"[0, 'zly']",FF4702,"[93, 'bardzo dobry']"
FF4712,"[76, 'umiarkowany']",FF4712,"[0, 'zly']"
FF4722,"[0, 'zly']",FF4722,"[75, 'umiarkowany']"
FF4732,"[0, 'zly']",FF4732,"[37, 'zly']"
FF4742,"[0, 'zly']",FF4742,"[32, 'zly']"
FF3761,"[67, 'slaby']",FF3761,"[0, 'zly']"
FF3771,"[83, 'umiarkowany']",FF3771,"[0, 'zly']"
FF3781,"[107, 'bardzo dobry']",FF3781,"[0, 'zly']"
FF3791,"[38, 'zly']",FF3791,"[0, 'zly']"
FF4701,"[86, 'dobry']",FF4701,"[0, 'zly']"
FF4711,"[86, 'dobry']",FF4711,"[0, 'zly']"
FF4721,"[0, 'zly']",FF4721,"[70, 'umiarkowany']"
FF4731,"[0, 'zly']",FF4731,"[69, 'umiarkowany']"
FF4741,"[0, 'zly']",FF4741,"[59, 'slaby']"
FF4751,"[0, 'zly']",FF4751,"[74, 'umiarkowany']"
FF3760,"[58, 'slaby']",FF3760,"[0, 'zly']"
FF3770,"[75, 'umiarkowany']",FF3770,"[0, 'zly']"
FF3780,"[113, 'bardzo dobry']",FF3780,"[0, 'zly']"
FF3790,"[73, 'slaby']",FF3790,"[0, 'zly']"
FF4700,"[73, 'slaby']",FF4700,"[0, 'zly']"
FF4710,"[68, 'slaby']",FF4710,"[0, 'zly']"
FF4720,"[81, 'umiarkowany']",FF4720,"[0, 'zly']"
FF4730,"[80, 'umiarkowany']",FF4730,"[0, 'zly']"
FF4740,"[0, 'zly']",FF4740,"[78, 'dobry']"
FF4750,"[0, 'zly']",FF4750,"[89, 'bardzo dobry']"
FF4760,"[0, 'zly']",FF4760,"[65, 'slaby']"
FF3679,"[0, 'zly']",FF3679,"[76, 'umiarkowany']"
FF3689,"[67, 'slaby']",FF3689,"[0, 'zly']"
FF3699,"[82, 'umiarkowany']",FF3699,"[0, 'zly']"
FF4609,"[73, 'slaby']",FF4609,"[0, 'zly']"
FF4619,"[70, 'slaby']",FF4619,"[0, 'zly']"
FF4629,"[79, 'umiarkowany']",FF4629,"[0, 'zly']"
FF4639,"[82, 'umiarkowany']",FF4639,"[0, 'zly']"
FF4649,"[89, 'dobry']",FF4649,"[0, 'zly']"
FF4659,"[0, 'zly']",FF4659,"[89, 'bardzo dobry']"
FF4669,"[0, 'zly']",FF4669,"[69, 'umiarkowany']"
FF4679,"[88, 'dobry']",FF4679,"[0, 'zly']"
FF3678,"[0, 'zly']",FF3678,"[89, 'bardzo dobry']"
FF3688,"[65, 'slaby']",FF3688,"[0, 'zly']"
FF3698,"[75, 'umiarkowany']",FF3698,"[0, 'zly']"
FF4608,"[16, 'zly']",FF4608,"[70, 'umiarkowany']"
FF4618,"[0, 'zly']",FF4618,"[65, 'slaby']"
FF4628,"[86, 'dobry']",FF4628,"[0, 'zly']"
FF4638,"[80, 'umiarkowany']",FF4638,"[0, 'zly']"
FF4648,"[88, 'dobry']",FF4648,"[0, 'zly']"
FF4658,"[0, 'zly']",FF4658,"[93, 'bardzo dobry']"
FF4668,"[0, 'zly']",FF4668,"[89, 'bardzo dobry']"
FF4678,"[0, 'zly']",FF4678,"[78, 'dobry']"
FF3565,"[0, 'zly']",FF3565,"[74, 'umiarkowany']"
FF3575,"[75, 'umiarkowany']",FF3575,"[0, 'zly']"
FF3576,"[68, 'slaby']",FF3576,"[0, 'zly']"
FF3585,"[0, 'zly']",FF3585,"[81, 'dobry']"
FF3586,"[0, 'zly']",FF3586,"[79, 'dobry']"
FF3595,"[0, 'zly']",FF3595,"[97, 'bardzo dobry']"
FF3596,"[0, 'zly']",FF3596,"[63, 'slaby']"
FF4505,"[0, 'zly']",FF4505,"[79, 'dobry']"
FF4506,"[0, 'zly']",FF4506,"[88, 'bardzo dobry']"
FF4516,"[0, 'zly']",FF4516,"[85, 'dobry']"
FF4526,"[0, 'zly']",FF4526,"[65, 'slaby']"
FF4536,"[0, 'zly']",FF4536,"[73, 'umiarkowany']"
FF4546,"[0, 'zly']",FF4546,"[84, 'dobry']"
FF4556,"[0, 'zly']",FF4556,"[78, 'dobry']"
FF3677,"[69, 'slaby']",FF3677,"[0, 'zly']"
FF3687,"[0, 'zly']",FF3687,"[66, 'slaby']"
FF3697,"[0, 'zly']",FF3697,"[94, 'bardzo dobry']"
FF4607,"[0, 'zly']",FF4607,"[89, 'bardzo dobry']"
FF4617,"[0, 'zly']",FF4617,"[85, 'dobry']"
FF4627,"[0, 'zly']",FF4627,"[83, 'dobry']"
FF4637,"[83, 'umiarkowany']",FF4637,"[0, 'zly']"
FF4647,"[90, 'dobry']",FF4647,"[0, 'zly']"
FF4657,"[0, 'zly']",FF4657,"[80, 'dobry']"
FF4667,"[0, 'zly']",FF4667,"[83, 'dobry']"
FF4677,"[0, 'zly']",FF4677,"[80, 'dobry']"
FF3676,"[0, 'zly']",FF3676,"[75, 'umiarkowany']"
FF3686,"[0, 'zly']",FF3686,"[83, 'dobry']"
FF3696,"[0, 'zly']",FF3696,"[85, 'dobry']"
FF4606,"[0, 'zly']",FF4606,"[80, 'dobry']"
FF4616,"[93, 'dobry']",FF4616,"[0, 'zly']"
FF4626,"[0, 'zly']",FF4626,"[74, 'umiarkowany']"
FF4636,"[93, 'dobry']",FF4636,"[0, 'zly']"
FF4646,"[62, 'slaby']",FF4646,"[0, 'zly']"
FF4656,"[0, 'zly']",FF4656,"[81, 'dobry']"
FF4666,"[0, 'zly']",FF4666,"[72, 'umiarkowany']"
FF4676,"[0, 'zly']",FF4676,"[71, 'umiarkowany']"
FF3655,"[0, 'zly']",FF3655,"[102, 'bardzo dobry']"
FF3665,"[0, 'zly']",FF3665,"[79, 'dobry']"
FF3675,"[0, 'zly']",FF3675,"[84, 'dobry']"
FF3685,"[0, 'zly']",FF3685,"[90, 'bardzo dobry']"
FF3695,"[0, 'zly']",FF3695,"[85, 'dobry']"
FF4605,"[0, 'zly']",FF4605,"[70, 'umiarkowany']"
FF4615,"[73, 'slaby']",FF4615,"[0, 'zly']"
FF4625,"[112, 'bardzo dobry']",FF4625,"[0, 'zly']"
FF4635,"[103, 'bardzo dobry']",FF4635,"[0, 'zly']"
FF4645,"[0, 'zly']",FF4645,"[79, 'dobry']"
FF4655,"[0, 'zly']",FF4655,"[73, 'umiarkowany']"
FF4665,"[0, 'zly']",FF4665,"[78, 'dobry']"
FF3654,"[100, 'bardzo dobry']",FF3654,"[0, 'zly']"
FF3664,"[0, 'zly']",FF3664,"[90, 'bardzo dobry']"
FF3674,"[0, 'zly']",FF3674,"[90, 'bardzo dobry']"
FF3684,"[101, 'bardzo dobry']",FF3684,"[0, 'zly']"
FF3694,"[85, 'dobry']",FF3694,"[0, 'zly']"
FF4604,"[107, 'bardzo dobry']",FF4604,"[0, 'zly']"
FF4614,"[84, 'umiarkowany']",FF4614,"[0, 'zly']"
FF4624,"[96, 'dobry']",FF4624,"[0, 'zly']"
FF4634,"[85, 'dobry']",FF4634,"[0, 'zly']"
FF4644,"[69, 'slaby']",FF4644,"[0, 'zly']"
FF4654,"[0, 'zly']",FF4654,"[66, 'slaby']"
FF4664,"[0, 'zly']",FF4664,"[73, 'umiarkowany']"
FF3653,"[6, 'zly']",FF3653,"[78, 'dobry']"
FF3663,"[0, 'zly']",FF3663,"[70, 'umiarkowany']"
FF3673,"[0, 'zly']",FF3673,"[98, 'bardzo dobry']"
FF3683,"[77, 'umiarkowany']",FF3683,"[0, 'zly']"
FF3693,"[72, 'slaby']",FF3693,"[0, 'zly']"
FF4603,"[89, 'dobry']",FF4603,"[0, 'zly']"
FF4613,"[89, 'dobry']",FF4613,"[0, 'zly']"
FF4623,"[89, 'dobry']",FF4623,"[0, 'zly']"
FF4633,"[41, 'zly']",FF4633,"[0, 'zly']"
FF4643,"[41, 'zly']",FF4643,"[0, 'zly']"
FF4653,"[82, 'umiarkowany']",FF4653,"[0, 'zly']"
FF4663,"[0, 'zly']",FF4663,"[75, 'umiarkowany']"
FF4673,"[0, 'zly']",FF4673,"[39, 'zly']"
FF3652,"[0, 'zly']",FF3652,"[38, 'zly']"
FF3662,"[0, 'zly']",FF3662,"[73, 'umiarkowany']"
FF3672,"[0, 'zly']",FF3672,"[98, 'bardzo dobry']"
FF3682,"[76, 'umiarkowany']",FF3682,"[0, 'zly']"
FF3692,"[72, 'slaby']",FF3692,"[0, 'zly']"
FF4602,"[86, 'dobry']",FF4602,"[0, 'zly']"
FF4612,"[88, 'dobry']",FF4612,"[0, 'zly']"
FF4622,"[93, 'dobry']",FF4622,"[0, 'zly']"
FF4632,"[0, 'zly']",FF4632,"[89, 'bardzo dobry']"
FF4642,"[0, 'zly']",FF4642,"[82, 'dobry']"
FF4652,"[89, 'dobry']",FF4652,"[0, 'zly']"
FF4662,"[0, 'zly']",FF4662,"[76, 'umiarkowany']"
FF4672,"[0, 'zly']",FF4672,"[44, 'zly']"
FF4682,"[0, 'zly']",FF4682,"[49, 'zly']"
FF4692,"[76, 'umiarkowany']",FF4692,"[0, 'zly']"
FF3661,"[0, 'zly']",FF3661,"[78, 'dobry']"
FF3671,"[0, 'zly']",FF3671,"[78, 'dobry']"
FF3681,"[0, 'zly']",FF3681,"[116, 'bardzo dobry']"
FF3691,"[105, 'bardzo dobry']",FF3691,"[0, 'zly']"
FF4601,"[82, 'umiarkowany']",FF4601,"[0, 'zly']"
FF4611,"[91, 'dobry']",FF4611,"[0, 'zly']"
FF4621,"[91, 'dobry']",FF4621,"[0, 'zly']"
FF4631,"[94, 'dobry']",FF4631,"[0, 'zly']"
FF4641,"[0, 'zly']",FF4641,"[95, 'bardzo dobry']"
FF4651,"[0, 'zly']",FF4651,"[91, 'bardzo dobry']"
FF4661,"[82, 'umiarkowany']",FF4661,"[0, 'zly']"
FF4671,"[0, 'zly']",FF4671,"[60, 'slaby']"
FF4681,"[0, 'zly']",FF4681,"[61, 'slaby']"
FF4691,"[0, 'zly']",FF4691,"[65, 'slaby']"
FF3660,"[0, 'zly']",FF3660,"[64, 'slaby']"
FF3670,"[0, 'zly']",FF3670,"[68, 'slaby']"
FF3680,"[95, 'dobry']",FF3680,"[0, 'zly']"
FF3690,"[0, 'zly']",FF3690,"[90, 'bardzo dobry']"
FF4600,"[0, 'zly']",FF4600,"[71, 'umiarkowany']"
FF4610,"[81, 'umiarkowany']",FF4610,"[0, 'zly']"
FF4620,"[97, 'dobry']",FF4620,"[0, 'zly']"
FF4630,"[81, 'umiarkowany']",FF4630,"[0, 'zly']"
FF4640,"[92, 'dobry']",FF4640,"[0, 'zly']"
FF4650,"[0, 'zly']",FF4650,"[90, 'bardzo dobry']"
FF4660,"[0, 'zly']",FF4660,"[76, 'umiarkowany']"
FF4670,"[0, 'zly']",FF4670,"[67, 'slaby']"
FF4680,"[0, 'zly']",FF4680,"[66, 'slaby']"
FF4690,"[0, 'zly']",FF4690,"[64, 'slaby']"
FF3569,"[0, 'zly']",FF3569,"[74, 'umiarkowany']"
FF3579,"[0, 'zly']",FF3579,"[65, 'slaby']"
FF3589,"[107, 'bardzo dobry']",FF3589,"[0, 'zly']"
FF3599,"[0, 'zly']",FF3599,"[66, 'slaby']"
FF4509,"[0, 'zly']",FF4509,"[72, 'umiarkowany']"
FF4519,"[0, 'zly']",FF4519,"[84, 'dobry']"
FF4529,"[78, 'umiarkowany']",FF4529,"[0, 'zly']"
FF4539,"[85, 'dobry']",FF4539,"[0, 'zly']"
FF4549,"[78, 'umiarkowany']",FF4549,"[0, 'zly']"
FF4559,"[88, 'dobry']",FF4559,"[0, 'zly']"
FF4569,"[84, 'umiarkowany']",FF4569,"[0, 'zly']"
FF4579,"[38, 'zly']",FF4579,"[0, 'zly']"
FF4589,"[38, 'zly']",FF4589,"[0, 'zly']"
FF3568,"[37, 'zly']",FF3568,"[0, 'zly']"
FF3578,"[74, 'umiarkowany']",FF3578,"[0, 'zly']"
FF3588,"[87, 'dobry']",FF3588,"[0, 'zly']"
FF3598,"[0, 'zly']",FF3598,"[68, 'slaby']"
FF4508,"[0, 'zly']",FF4508,"[71, 'umiarkowany']"
FF4518,"[0, 'zly']",FF4518,"[73, 'umiarkowany']"
FF4528,"[77, 'umiarkowany']",FF4528,"[0, 'zly']"
FF4538,"[82, 'umiarkowany']",FF4538,"[0, 'zly']"
FF4548,"[95, 'dobry']",FF4548,"[0, 'zly']"
FF4558,"[87, 'dobry']",FF4558,"[0, 'zly']"
FF4568,"[0, 'zly']",FF4568,"[89, 'bardzo dobry']"
FF4578,"[92, 'dobry']",FF4578,"[0, 'zly']"
FF3567,"[66, 'slaby']",FF3567,"[0, 'zly']"
FF3577,"[0, 'zly']",FF3577,"[63, 'slaby']"
FF3587,"[69, 'slaby']",FF3587,"[0, 'zly']"
FF3597,"[67, 'slaby']",FF3597,"[0, 'zly']"
FF4507,"[0, 'zly']",FF4507,"[71, 'umiarkowany']"
FF4517,"[0, 'zly']",FF4517,"[77, 'dobry']"
FF4527,"[13, 'zly']",FF4527,"[56, 'slaby']"
FF4537,"[0, 'zly']",FF4537,"[66, 'slaby']"
FF4547,"[0, 'zly']",FF4547,"[84, 'dobry']"
FF4557,"[0, 'zly']",FF4557,"[93, 'bardzo dobry']"
FF4567,"[0, 'zly']",FF4567,"[82, 'dobry']"
FF4577,"[0, 'zly']",FF4577,"[81, 'dobry']"
