0,1,2
FF3567,84.0,slaby
FF3568,80.6,zly
FF3569,66.4,zly
FF3575,82.2,slaby
FF3576,91.4,slaby
FF3577,80.6,zly
FF3578,86.2,slaby
FF3579,70.4,zly
FF3585,81.6,slaby
FF3586,88.8,slaby
FF3587,94.0,slaby
FF3588,94.2,slaby
FF3589,111.6,slaby
FF3595,85.2,slaby
FF3596,61.8,zly
FF3597,81.8,slaby
FF3598,82.2,slaby
FF3599,79.8,zly
FF3652,93.4,slaby
FF3653,107.4,slaby
FF3654,99.2,slaby
FF3655,97.2,slaby
FF3660,67.2,zly
FF3661,70.4,zly
FF3662,64.6,zly
FF3663,74.6,zly
FF3664,89.2,slaby
FF3665,68.0,zly
FF3670,78.2,zly
FF3671,96.0,slaby
FF3672,85.6,slaby
FF3673,104.6,slaby
FF3674,87.0,slaby
FF3675,80.2,zly
FF3676,101.2,slaby
FF3677,95.2,slaby
FF3678,97.8,slaby
FF3679,75.8,zly
FF3680,113.2,slaby
FF3681,126.4,umiarkowany
FF3682,108.8,slaby
FF3683,91.8,slaby
FF3684,101.4,slaby
FF3685,79.2,zly
FF3686,72.6,zly
FF3687,97.2,slaby
FF3688,93.6,slaby
FF3689,83.2,slaby
FF3690,113.2,slaby
FF3691,130.2,umiarkowany
FF3692,90.2,slaby
FF3693,89.4,slaby
FF3694,104.0,slaby
FF3695,72.6,zly
FF3696,80.6,zly
FF3697,99.0,slaby
FF3698,94.0,slaby
FF3699,97.2,slaby
FF3760,98.0,slaby
FF3761,86.4,slaby
FF3762,87.6,slaby
FF3770,97.4,slaby
FF3771,86.0,slaby
FF3772,85.8,slaby
FF3780,106.0,slaby
FF3781,113.6,slaby
FF3782,78.2,zly
FF3783,57.4,zly
FF3790,92.6,slaby
FF3791,91.8,slaby
FF3792,61.0,zly
FF3793,56.8,zly
FF3794,65.8,zly
FF4505,74.4,zly
FF4506,78.2,zly
FF4507,72.4,zly
FF4508,78.4,zly
FF4509,91.8,slaby
FF4516,86.4,slaby
FF4517,80.8,zly
FF4518,90.0,slaby
FF4519,111.0,slaby
FF4526,87.0,slaby
FF4527,103.8,slaby
FF4528,99.4,slaby
FF4529,98.4,slaby
FF4536,74.0,zly
FF4537,80.6,zly
FF4538,101.6,slaby
FF4539,97.4,slaby
FF4546,91.4,slaby
FF4547,87.0,slaby
FF4548,95.0,slaby
FF4549,94.6,slaby
FF4556,91.2,slaby
FF4557,94.8,slaby
FF4558,113.2,slaby
FF4559,102.4,slaby
FF4567,94.8,slaby
FF4568,98.6,slaby
FF4569,93.8,slaby
FF4577,87.6,slaby
FF4578,94.4,slaby
FF4579,102.6,slaby
FF4589,92.8,slaby
FF4600,121.2,umiarkowany
FF4601,94.0,slaby
FF4602,101.6,slaby
FF4603,97.4,slaby
FF4604,108.0,slaby
FF4605,78.0,zly
FF4606,104.8,slaby
FF4607,99.0,slaby
FF4608,104.4,slaby
FF4609,83.0,slaby
FF4610,123.4,umiarkowany
FF4611,94.8,slaby
FF4612,97.6,slaby
FF4613,87.2,slaby
FF4614,93.4,slaby
FF4615,96.2,slaby
FF4616,115.2,slaby
FF4617,87.2,slaby
FF4618,78.0,zly
FF4619,98.6,slaby
FF4620,109.4,slaby
FF4621,104.6,slaby
FF4622,94.4,slaby
FF4623,78.2,zly
FF4624,95.6,slaby
FF4625,122.0,umiarkowany
FF4626,100.0,slaby
FF4627,62.8,zly
FF4628,89.8,slaby
FF4629,89.2,slaby
FF4630,99.6,slaby
FF4631,103.8,slaby
FF4632,93.8,slaby
FF4633,95.2,slaby
FF4634,97.4,slaby
FF4635,119.2,umiarkowany
FF4636,112.0,slaby
FF4637,104.0,slaby
FF4638,90.4,slaby
FF4639,92.0,slaby
FF4640,90.0,slaby
FF4641,87.6,slaby
FF4642,81.8,slaby
FF4643,91.0,slaby
FF4644,93.2,slaby
FF4645,115.4,slaby
FF4646,105.0,slaby
FF4647,98.8,slaby
FF4648,96.6,slaby
FF4649,99.2,slaby
FF4650,103.6,slaby
FF4651,107.0,slaby
FF4652,104.2,slaby
FF4653,102.2,slaby
FF4654,81.2,slaby
FF4655,85.2,slaby
FF4656,88.8,slaby
FF4657,90.6,slaby
FF4658,87.4,slaby
FF4659,91.2,slaby
FF4660,87.2,slaby
FF4661,95.4,slaby
FF4662,83.2,slaby
FF4663,86.4,slaby
FF4664,76.0,zly
FF4665,93.0,slaby
FF4666,89.8,slaby
FF4667,75.2,zly
FF4668,79.2,zly
FF4669,68.6,zly
FF4670,89.8,slaby
FF4671,95.8,slaby
FF4672,85.2,slaby
FF4673,100.6,slaby
FF4676,74.8,zly
FF4677,69.8,zly
FF4678,71.2,zly
FF4679,103.6,slaby
FF4680,84.0,slaby
FF4681,74.2,zly
FF4682,89.8,slaby
FF4690,82.0,slaby
FF4691,58.8,zly
FF4692,87.8,slaby
FF4700,73.4,zly
FF4701,82.2,slaby
FF4702,103.2,slaby
FF4703,63.6,zly
FF4704,61.4,zly
FF4710,93.8,slaby
FF4711,89.2,slaby
FF4712,88.6,slaby
FF4713,73.0,zly
FF4714,71.2,zly
FF4720,98.2,slaby
FF4721,108.8,slaby
FF4722,77.8,zly
FF4723,56.0,zly
FF4730,93.0,slaby
FF4731,74.8,zly
FF4732,71.6,zly
FF4733,58.2,zly
FF4740,88.2,slaby
FF4741,59.2,zly
FF4742,59.2,zly
FF4750,76.4,zly
FF4751,69.0,zly
FF4760,67.8,zly
