0,1
FF3794,"[198, 'zly']"
FF4704,"[211, 'zly']"
FF4714,"[217, 'zly']"
FF3783,"[160, 'zly']"
FF3793,"[145, 'zly']"
FF4703,"[228, 'slaby']"
FF4713,"[225, 'slaby']"
FF4723,"[161, 'zly']"
FF4733,"[156, 'zly']"
FF3762,"[285, 'zly']"
FF3772,"[283, 'umiarkowany']"
FF3782,"[251, 'slaby']"
FF3792,"[181, 'zly']"
FF4702,"[359, 'dobry']"
FF4712,"[297, 'zly']"
FF4722,"[278, 'umiarkowany']"
FF4732,"[208, 'zly']"
FF4742,"[147, 'zly']"
FF3761,"[281, 'zly']"
FF3771,"[312, 'slaby']"
FF3781,"[399, 'dobry']"
FF3791,"[264, 'zly']"
FF4701,"[294, 'zly']"
FF4711,"[317, 'slaby']"
FF4721,"[347, 'dobry']"
FF4731,"[259, 'slaby']"
FF4741,"[193, 'zly']"
FF4751,"[225, 'slaby']"
FF3760,"[299, 'zly']"
FF3770,"[329, 'slaby']"
FF3780,"[400, 'dobry']"
FF3790,"[302, 'slaby']"
FF4700,"[291, 'zly']"
FF4710,"[315, 'slaby']"
FF4720,"[324, 'slaby']"
FF4730,"[329, 'slaby']"
FF4740,"[312, 'umiarkowany']"
FF4750,"[255, 'slaby']"
FF4760,"[213, 'zly']"
FF3679,"[268, 'slaby']"
FF3689,"[281, 'zly']"
FF3699,"[319, 'slaby']"
FF4609,"[275, 'zly']"
FF4619,"[332, 'slaby']"
FF4629,"[309, 'slaby']"
FF4639,"[317, 'slaby']"
FF4649,"[338, 'umiarkowany']"
FF4659,"[306, 'umiarkowany']"
FF4669,"[235, 'slaby']"
FF4679,"[365, 'umiarkowany']"
FF3678,"[331, 'dobry']"
FF3688,"[295, 'zly']"
FF3698,"[307, 'slaby']"
FF4608,"[338, 'dobry']"
FF4618,"[260, 'slaby']"
FF4628,"[359, 'umiarkowany']"
FF4638,"[296, 'zly']"
FF4648,"[326, 'slaby']"
FF4658,"[323, 'dobry']"
FF4668,"[293, 'umiarkowany']"
FF4678,"[237, 'slaby']"
FF3565,"[283, 'umiarkowany']"
FF3575,"[332, 'slaby']"
FF3576,"[300, 'zly']"
FF3585,"[296, 'umiarkowany']"
FF3586,"[309, 'umiarkowany']"
FF3595,"[312, 'umiarkowany']"
FF3596,"[200, 'zly']"
FF4505,"[255, 'slaby']"
FF4506,"[289, 'umiarkowany']"
FF4516,"[299, 'umiarkowany']"
FF4526,"[282, 'umiarkowany']"
FF4536,"[241, 'slaby']"
FF4546,"[324, 'dobry']"
FF4556,"[317, 'dobry']"
FF3677,"[313, 'slaby']"
FF3687,"[310, 'umiarkowany']"
FF3697,"[358, 'dobry']"
FF4607,"[345, 'dobry']"
FF4617,"[288, 'umiarkowany']"
FF4627,"[264, 'slaby']"
FF4637,"[356, 'umiarkowany']"
FF4647,"[345, 'umiarkowany']"
FF4657,"[327, 'dobry']"
FF4667,"[263, 'slaby']"
FF4677,"[247, 'slaby']"
FF3676,"[342, 'dobry']"
FF3686,"[255, 'slaby']"
FF3696,"[274, 'umiarkowany']"
FF4606,"[334, 'dobry']"
FF4616,"[416, 'bardzo dobry']"
FF4626,"[345, 'dobry']"
FF4636,"[385, 'dobry']"
FF4646,"[317, 'slaby']"
FF4656,"[323, 'dobry']"
FF4666,"[289, 'umiarkowany']"
FF4676,"[259, 'slaby']"
FF3655,"[350, 'dobry']"
FF3665,"[257, 'slaby']"
FF3675,"[279, 'umiarkowany']"
FF3685,"[285, 'umiarkowany']"
FF3695,"[272, 'slaby']"
FF4605,"[249, 'slaby']"
FF4615,"[316, 'slaby']"
FF4625,"[444, 'bardzo dobry']"
FF4635,"[417, 'bardzo dobry']"
FF4645,"[357, 'dobry']"
FF4655,"[308, 'umiarkowany']"
FF4665,"[305, 'umiarkowany']"
FF3654,"[404, 'dobry']"
FF3664,"[320, 'dobry']"
FF3674,"[325, 'dobry']"
FF3684,"[383, 'dobry']"
FF3694,"[360, 'umiarkowany']"
FF4604,"[390, 'dobry']"
FF4614,"[334, 'slaby']"
FF4624,"[385, 'dobry']"
FF4634,"[329, 'slaby']"
FF4644,"[309, 'slaby']"
FF4654,"[289, 'umiarkowany']"
FF4664,"[256, 'slaby']"
FF3653,"[343, 'dobry']"
FF3663,"[266, 'slaby']"
FF3673,"[387, 'bardzo dobry']"
FF3683,"[323, 'slaby']"
FF3693,"[310, 'slaby']"
FF4603,"[319, 'slaby']"
FF4613,"[323, 'slaby']"
FF4623,"[321, 'slaby']"
FF4633,"[279, 'zly']"
FF4643,"[272, 'zly']"
FF4653,"[348, 'umiarkowany']"
FF4663,"[279, 'umiarkowany']"
FF4673,"[276, 'umiarkowany']"
FF3652,"[272, 'slaby']"
FF3662,"[228, 'slaby']"
FF3672,"[324, 'dobry']"
FF3682,"[372, 'dobry']"
FF3692,"[322, 'slaby']"
FF4602,"[359, 'umiarkowany']"
FF4612,"[358, 'umiarkowany']"
FF4622,"[328, 'slaby']"
FF4632,"[339, 'dobry']"
FF4642,"[290, 'umiarkowany']"
FF4652,"[354, 'umiarkowany']"
FF4662,"[282, 'umiarkowany']"
FF4672,"[273, 'umiarkowany']"
FF4682,"[268, 'slaby']"
FF4692,"[341, 'umiarkowany']"
FF3661,"[254, 'slaby']"
FF3671,"[295, 'umiarkowany']"
FF3681,"[484, 'bardzo dobry']"
FF3691,"[458, 'bardzo dobry']"
FF4601,"[332, 'slaby']"
FF4611,"[334, 'slaby']"
FF4621,"[363, 'umiarkowany']"
FF4631,"[377, 'dobry']"
FF4641,"[350, 'dobry']"
FF4651,"[362, 'dobry']"
FF4661,"[339, 'umiarkowany']"
FF4671,"[313, 'umiarkowany']"
FF4681,"[239, 'slaby']"
FF4691,"[234, 'slaby']"
FF3660,"[209, 'zly']"
FF3670,"[268, 'slaby']"
FF3680,"[406, 'dobry']"
FF3690,"[387, 'bardzo dobry']"
FF4600,"[408, 'bardzo dobry']"
FF4610,"[411, 'bardzo dobry']"
FF4620,"[385, 'dobry']"
FF4630,"[324, 'slaby']"
FF4640,"[361, 'umiarkowany']"
FF4650,"[350, 'dobry']"
FF4660,"[286, 'umiarkowany']"
FF4670,"[309, 'umiarkowany']"
FF4680,"[271, 'slaby']"
FF4690,"[262, 'slaby']"
FF3569,"[258, 'slaby']"
FF3579,"[275, 'umiarkowany']"
FF3589,"[396, 'dobry']"
FF3599,"[276, 'umiarkowany']"
FF4509,"[299, 'umiarkowany']"
FF4519,"[375, 'dobry']"
FF4529,"[341, 'umiarkowany']"
FF4539,"[328, 'slaby']"
FF4549,"[322, 'slaby']"
FF4559,"[360, 'umiarkowany']"
FF4569,"[319, 'slaby']"
FF4579,"[276, 'zly']"
FF4589,"[252, 'zly']"
FF3568,"[248, 'zly']"
FF3578,"[339, 'umiarkowany']"
FF3588,"[374, 'dobry']"
FF3598,"[319, 'dobry']"
FF4508,"[247, 'slaby']"
FF4518,"[299, 'umiarkowany']"
FF4528,"[338, 'umiarkowany']"
FF4538,"[355, 'umiarkowany']"
FF4548,"[362, 'umiarkowany']"
FF4558,"[377, 'dobry']"
FF4568,"[336, 'dobry']"
FF4578,"[344, 'umiarkowany']"
FF3567,"[281, 'zly']"
FF3577,"[269, 'slaby']"
FF3587,"[344, 'umiarkowany']"
FF3597,"[312, 'slaby']"
FF4507,"[255, 'slaby']"
FF4517,"[271, 'slaby']"
FF4527,"[344, 'dobry']"
FF4537,"[260, 'slaby']"
FF4547,"[293, 'umiarkowany']"
FF4557,"[347, 'dobry']"
FF4567,"[320, 'dobry']"
FF4577,"[309, 'umiarkowany']"
