Name,wartosc,wynik_slowny
FF3794,75, bardzo niski
FF4704,79, bardzo niski
FF4714,81, niski
FF3783,68, bardzo niski
FF3793,71, bardzo niski
FF4703,85, niski
FF4713,82, niski
FF4723,84, niski
FF4733,93, umiarkowany
FF3762,95, bardzo niski
FF3772,90, umiarkowany
FF3782,79, bardzo niski
FF3792,86, niski
FF4702,109, bardzo wysoki
FF4712,107, niski
FF4722,100, wysoki
FF4732,92, umiarkowany
FF4742,90, umiarkowany
FF3761,120, wysoki
FF3771,111, umiarkowany
FF3781,121, wysoki
FF3791,117, umiarkowany
FF4701,128, bardzo wysoki
FF4711,119, wysoki
FF4721,85, niski
FF4731,92, umiarkowany
FF4741,95, wysoki
FF4751,80, niski
FF3760,107, niski
FF3770,125, wysoki
FF3780,126, wysoki
FF3790,129, bardzo wysoki
FF4700,127, bardzo wysoki
FF4710,120, wysoki
FF4720,118, wysoki
FF4730,115, umiarkowany
FF4740,91, umiarkowany
FF4750,101, wysoki
FF4760,77, bardzo niski
FF3679,105, bardzo wysoki
FF3689,120, wysoki
FF3699,130, bardzo wysoki
FF4609,125, wysoki
FF4619,125, wysoki
FF4629,117, umiarkowany
FF4639,125, wysoki
FF4649,117, umiarkowany
FF4659,100, wysoki
FF4669,83, niski
FF4679,93, bardzo niski
FF3678,104, wysoki
FF3688,120, wysoki
FF3698,130, bardzo wysoki
FF4608,112, bardzo wysoki
FF4618,96, wysoki
FF4628,116, umiarkowany
FF4638,123, wysoki
FF4648,121, wysoki
FF4658,95, wysoki
FF4668,89, umiarkowany
FF4678,75, bardzo niski
FF3565,84, niski
FF3575,93, bardzo niski
FF3576,106, niski
FF3585,77, bardzo niski
FF3586,89, umiarkowany
FF3595,76, bardzo niski
FF3596,89, umiarkowany
FF4505,71, bardzo niski
FF4506,80, niski
FF4516,79, bardzo niski
FF4526,76, bardzo niski
FF4536,84, niski
FF4546,92, umiarkowany
FF4556,97, wysoki
FF3677,120, wysoki
FF3687,89, umiarkowany
FF3697,111, bardzo wysoki
FF4607,107, bardzo wysoki
FF4617,90, umiarkowany
FF4627,89, umiarkowany
FF4637,104, niski
FF4647,111, umiarkowany
FF4657,83, niski
FF4667,89, umiarkowany
FF4677,74, bardzo niski
FF3676,120, bardzo wysoki
FF3686,98, wysoki
FF3696,90, umiarkowany
FF4606,97, wysoki
FF4616,113, umiarkowany
FF4626,103, wysoki
FF4636,127, bardzo wysoki
FF4646,102, niski
FF4656,98, wysoki
FF4666,85, niski
FF4676,77, bardzo niski
FF3655,88, umiarkowany
FF3665,90, umiarkowany
FF3675,97, wysoki
FF3685,88, umiarkowany
FF3695,98, wysoki
FF4605,114, bardzo wysoki
FF4615,130, bardzo wysoki
FF4625,130, bardzo wysoki
FF4635,130, bardzo wysoki
FF4645,92, umiarkowany
FF4655,99, wysoki
FF4665,99, wysoki
FF3654,112, umiarkowany
FF3664,86, niski
FF3674,93, umiarkowany
FF3684,121, wysoki
FF3694,104, niski
FF4604,130, bardzo wysoki
FF4614,130, bardzo wysoki
FF4624,133, bardzo wysoki
FF4634,126, wysoki
FF4644,120, wysoki
FF4654,88, umiarkowany
FF4664,91, umiarkowany
FF3653,92, umiarkowany
FF3663,79, bardzo niski
FF3673,88, umiarkowany
FF3683,129, bardzo wysoki
FF3693,126, wysoki
FF4603,135, bardzo wysoki
FF4613,135, bardzo wysoki
FF4623,123, wysoki
FF4633,110, umiarkowany
FF4643,106, niski
FF4653,110, umiarkowany
FF4663,86, niski
FF4673,85, niski
FF3652,85, niski
FF3662,78, bardzo niski
FF3672,92, umiarkowany
FF3682,115, umiarkowany
FF3692,127, bardzo wysoki
FF4602,134, bardzo wysoki
FF4612,132, bardzo wysoki
FF4622,121, wysoki
FF4632,106, bardzo wysoki
FF4642,89, umiarkowany
FF4652,107, niski
FF4662,81, niski
FF4672,81, niski
FF4682,89, umiarkowany
FF4692,112, umiarkowany
FF3661,83, niski
FF3671,90, umiarkowany
FF3681,95, wysoki
FF3691,125, wysoki
FF4601,131, bardzo wysoki
FF4611,129, bardzo wysoki
FF4621,132, bardzo wysoki
FF4631,105, niski
FF4641,100, wysoki
FF4651,99, wysoki
FF4661,113, umiarkowany
FF4671,102, wysoki
FF4681,80, niski
FF4691,83, niski
FF3660,84, niski
FF3670,84, niski
FF3680,124, wysoki
FF3690,88, umiarkowany
FF4600,101, wysoki
FF4610,128, bardzo wysoki
FF4620,134, bardzo wysoki
FF4630,131, bardzo wysoki
FF4640,112, umiarkowany
FF4650,91, umiarkowany
FF4660,90, umiarkowany
FF4670,90, umiarkowany
FF4680,84, niski
FF4690,75, bardzo niski
FF3569,97, wysoki
FF3579,97, wysoki
FF3589,122, wysoki
FF3599,95, wysoki
FF4509,82, niski
FF4519,87, umiarkowany
FF4529,133, bardzo wysoki
FF4539,134, bardzo wysoki
FF4549,122, wysoki
FF4559,105, niski
FF4569,102, niski
FF4579,119, wysoki
FF4589,120, wysoki
FF3568,103, niski
FF3578,108, niski
FF3588,120, wysoki
FF3598,102, wysoki
FF4508,82, niski
FF4518,88, umiarkowany
FF4528,124, wysoki
FF4538,123, wysoki
FF4548,124, wysoki
FF4558,116, umiarkowany
FF4568,90, umiarkowany
FF4578,110, umiarkowany
FF3567,109, niski
FF3577,84, niski
FF3587,93, bardzo niski
FF3597,93, bardzo niski
FF4507,78, bardzo niski
FF4517,77, bardzo niski
FF4527,85, niski
FF4537,84, niski
FF4547,80, niski
FF4557,90, umiarkowany
FF4567,94, umiarkowany
FF4577,90, umiarkowany
